,Own children of the householder 6 to 17 years,Median household income (dollars),Mean household income (dollars),SELECTED MONTHLY OWNER COSTS (SMOC) Housing units with a mortgage Median (dollars),GROSS RENT Occupied units paying rent Median (dollars),Population in households,Total households,Total population,relation_max_fee,relation_min_fee,TRACTCE10,INTPTLAT,INTPTLONG,label
0,495.0,33750.0,50719.0,1954.0,865.0,4301.0,2248.0,4444.0,1003.0,943.0,10100.0,42.02,-87.67,1.0
1,934.0,40841.0,57921.0,1613.0,989.0,7007.0,2670.0,7197.0,1076.0,865.0,10201.0,42.02,-87.68,0.0
2,185.0,36563.0,46507.0,1201.0,943.0,2173.0,976.0,2487.0,1003.0,865.0,10202.0,42.02,-87.67,0.0
3,372.0,36870.0,66444.0,1533.0,948.0,5420.0,2982.0,6413.0,990.0,865.0,10300.0,42.02,-87.67,0.0
4,348.0,39634.0,53991.0,1765.0,979.0,3868.0,1870.0,5411.0,990.0,706.0,10400.0,42.01,-87.66,0.0
5,196.0,31985.0,43210.0,1519.0,945.0,4060.0,2348.0,4081.0,990.0,706.0,10501.0,42.01,-87.66,1.0
6,140.0,33721.0,45594.0,1695.0,957.0,2599.0,1505.0,2631.0,1052.0,706.0,10502.0,42.0,-87.66,1.0
7,41.0,19671.0,46195.0,2420.0,706.0,2020.0,1049.0,2047.0,1052.0,943.0,10503.0,42.0,-87.66,0.0
8,588.0,40576.0,61445.0,1750.0,990.0,6331.0,2993.0,6515.0,979.0,706.0,10600.0,42.01,-87.67,0.0
9,525.0,60798.0,71225.0,1595.0,1003.0,3833.0,1530.0,3833.0,1076.0,943.0,10701.0,42.01,-87.68,0.0
10,1038.0,39604.0,50639.0,1486.0,972.0,5255.0,2049.0,5333.0,1003.0,943.0,10702.0,42.01,-87.67,1.0
11,577.0,49318.0,70597.0,1352.0,1052.0,4157.0,1434.0,4208.0,1085.0,943.0,20100.0,42.02,-87.69,0.0
12,1288.0,87835.0,98878.0,2119.0,987.0,6778.0,2152.0,6905.0,1133.0,761.0,20200.0,42.02,-87.7,0.0
13,992.0,53254.0,84314.0,1666.0,761.0,5290.0,1987.0,5295.0,1143.0,987.0,20301.0,42.01,-87.71,0.0
14,813.0,69861.0,96046.0,1942.0,1085.0,4636.0,1710.0,5023.0,1133.0,761.0,20302.0,42.01,-87.69,0.0
15,802.0,59705.0,79531.0,1813.0,1076.0,4531.0,1743.0,4551.0,1133.0,982.0,20400.0,42.01,-87.69,0.0
16,684.0,40090.0,49917.0,1463.0,982.0,6295.0,2144.0,6545.0,1153.0,940.0,20500.0,42.0,-87.68,0.0
17,1059.0,39282.0,70241.0,1904.0,1054.0,6098.0,1987.0,6130.0,1373.0,761.0,20601.0,42.0,-87.7,0.0
18,748.0,50048.0,66621.0,2264.0,1133.0,4619.0,1388.0,4637.0,1153.0,982.0,20602.0,42.0,-87.69,1.0
19,266.0,76635.0,99441.0,2337.0,1373.0,1729.0,615.0,1729.0,1186.0,1054.0,20701.0,41.99,-87.7,0.0
20,1336.0,44990.0,56773.0,1679.0,1143.0,7655.0,2321.0,7843.0,1373.0,761.0,20702.0,41.99,-87.7,0.0
21,764.0,50230.0,69665.0,1650.0,1072.0,5206.0,1999.0,5211.0,1373.0,1054.0,20801.0,41.99,-87.69,0.0
22,1115.0,47207.0,70638.0,1714.0,1069.0,7832.0,2222.0,7857.0,1373.0,1054.0,20802.0,41.99,-87.69,0.0
23,924.0,42942.0,54293.0,1712.0,1153.0,5787.0,1903.0,5807.0,1160.0,940.0,20901.0,42.0,-87.69,1.0
24,522.0,36660.0,48780.0,1267.0,940.0,3945.0,1589.0,4474.0,1160.0,858.0,20902.0,41.99,-87.68,0.0
25,194.0,43167.0,58457.0,1753.0,892.0,3530.0,2124.0,3549.0,992.0,791.0,30101.0,41.99,-87.66,1.0
26,50.0,43750.0,58035.0,1529.0,901.0,2698.0,1813.0,2766.0,992.0,791.0,30102.0,41.99,-87.66,1.0
27,25.0,49233.0,62904.0,1555.0,975.0,1559.0,949.0,2217.0,1052.0,706.0,30103.0,42.0,-87.66,1.0
28,63.0,38871.0,50398.0,1554.0,943.0,1684.0,1016.0,3375.0,979.0,706.0,30104.0,42.0,-87.66,1.0
29,324.0,64089.0,91870.0,2250.0,1052.0,5043.0,2461.0,5103.0,1375.0,706.0,30200.0,41.99,-87.67,0.0
30,504.0,37868.0,55910.0,1688.0,923.0,3315.0,1459.0,3315.0,1375.0,706.0,30300.0,41.99,-87.67,0.0
31,214.0,45850.0,70200.0,1938.0,858.0,2708.0,1313.0,2708.0,1375.0,923.0,30400.0,41.99,-87.67,1.0
32,544.0,79587.0,103819.0,2333.0,1375.0,6443.0,2864.0,6570.0,1313.0,791.0,30500.0,41.99,-87.66,0.0
33,300.0,39015.0,53155.0,1778.0,949.0,3870.0,2014.0,4066.0,992.0,791.0,30601.0,41.99,-87.65,1.0
34,189.0,29088.0,48106.0,1727.0,791.0,2023.0,1329.0,2023.0,1098.0,793.0,30603.0,41.99,-87.66,0.0
35,78.0,30486.0,48934.0,1654.0,992.0,3220.0,2008.0,3225.0,1098.0,791.0,30604.0,41.99,-87.65,1.0
36,60.0,36467.0,45139.0,1212.0,831.0,1405.0,898.0,1597.0,1313.0,791.0,30701.0,41.98,-87.66,0.0
37,0.0,73967.0,109335.0,1845.0,1098.0,982.0,625.0,982.0,1028.0,791.0,30702.0,41.98,-87.65,0.0
38,169.0,40670.0,55449.0,1883.0,793.0,2675.0,1688.0,2680.0,1313.0,672.0,30703.0,41.98,-87.66,0.0
39,119.0,41331.0,59145.0,1540.0,1028.0,4270.0,2853.0,4270.0,1098.0,791.0,30706.0,41.98,-87.65,1.0
40,288.0,72296.0,126111.0,2614.0,1313.0,4190.0,1984.0,4376.0,1375.0,791.0,30800.0,41.98,-87.66,0.0
41,123.0,88000.0,103493.0,2502.0,1279.0,3140.0,1492.0,3143.0,1375.0,858.0,30900.0,41.98,-87.67,0.0
42,279.0,72964.0,98652.0,2491.0,1218.0,4061.0,1965.0,4078.0,1279.0,1069.0,31000.0,41.97,-87.67,0.0
43,82.0,65462.0,81506.0,1869.0,1069.0,4579.0,2297.0,4666.0,1313.0,672.0,31100.0,41.97,-87.66,1.0
44,638.0,35295.0,53892.0,1931.0,672.0,5438.0,2660.0,5720.0,1313.0,721.0,31200.0,41.97,-87.66,0.0
45,711.0,42690.0,58707.0,1645.0,933.0,7454.0,4118.0,8037.0,1098.0,672.0,31300.0,41.97,-87.65,0.0
46,47.0,68899.0,87943.0,1744.0,1177.0,4722.0,3087.0,4958.0,1443.0,782.0,31400.0,41.96,-87.64,0.0
47,328.0,26915.0,46433.0,1840.0,721.0,3455.0,1776.0,4033.0,999.0,672.0,31501.0,41.97,-87.65,0.0
48,370.0,24304.0,43539.0,1692.0,782.0,4439.0,2250.0,4439.0,1138.0,672.0,31502.0,41.96,-87.65,0.0
49,444.0,44555.0,73107.0,2178.0,914.0,6870.0,3471.0,7001.0,1458.0,672.0,31700.0,41.97,-87.66,1.0
50,127.0,69167.0,95121.0,2185.0,1082.0,1763.0,936.0,1771.0,1218.0,914.0,31800.0,41.97,-87.67,0.0
51,193.0,61211.0,88875.0,2563.0,1150.0,2512.0,1258.0,2526.0,1568.0,914.0,31900.0,41.96,-87.67,0.0
52,331.0,52335.0,85070.0,2173.0,999.0,6975.0,3788.0,7117.0,1966.0,541.0,32100.0,41.96,-87.65,1.0
53,300.0,79688.0,104460.0,2513.0,1160.0,3682.0,1599.0,3893.0,1279.0,858.0,40100.0,41.99,-87.68,0.0
54,589.0,68082.0,83024.0,2372.0,1225.0,7035.0,2988.0,7040.0,1363.0,1054.0,40201.0,41.97,-87.69,0.0
55,729.0,39601.0,61993.0,1834.0,1054.0,6953.0,2963.0,7194.0,1373.0,1072.0,40202.0,41.98,-87.69,1.0
56,251.0,96369.0,116155.0,2625.0,1186.0,2904.0,1079.0,2999.0,1373.0,1054.0,40300.0,41.98,-87.7,0.0
57,108.0,90243.0,116242.0,2697.0,1215.0,3182.0,1327.0,3182.0,1363.0,1078.0,40401.0,41.97,-87.69,0.0
58,508.0,81496.0,126439.0,2530.0,1169.0,5035.0,2479.0,5035.0,1279.0,1082.0,40402.0,41.97,-87.68,0.0
59,165.0,85745.0,115697.0,2677.0,1226.0,2702.0,1147.0,2702.0,1363.0,1078.0,40600.0,41.97,-87.68,0.0
60,241.0,76750.0,99619.0,2243.0,1336.0,3325.0,1529.0,3325.0,1363.0,1064.0,40700.0,41.97,-87.69,0.0
61,114.0,74688.0,96945.0,2321.0,1363.0,1701.0,795.0,1813.0,1353.0,1078.0,40800.0,41.96,-87.69,0.0
62,134.0,76607.0,118771.0,2970.0,1078.0,1901.0,969.0,1909.0,1363.0,1126.0,40900.0,41.96,-87.68,0.0
63,335.0,95750.0,125541.0,2502.0,1568.0,2711.0,1124.0,2711.0,1634.0,1126.0,50100.0,41.96,-87.68,0.0
64,722.0,74375.0,129277.0,2910.0,1232.0,5214.0,2270.0,5214.0,1570.0,1078.0,50200.0,41.96,-87.68,0.0
65,309.0,79183.0,106348.0,2349.0,1353.0,2562.0,1076.0,2562.0,1570.0,987.0,50300.0,41.96,-87.69,0.0
66,984.0,121591.0,179438.0,3273.0,1570.0,6291.0,2218.0,6311.0,1804.0,1232.0,50500.0,41.95,-87.68,0.0
67,184.0,104955.0,162430.0,2825.0,1634.0,2238.0,1093.0,2238.0,1804.0,1218.0,50600.0,41.95,-87.68,0.0
68,172.0,128676.0,172817.0,2744.0,1804.0,1593.0,674.0,1593.0,1880.0,1319.0,50700.0,41.95,-87.68,0.0
69,220.0,111190.0,159649.0,3440.0,1551.0,1476.0,588.0,1476.0,1804.0,1319.0,50800.0,41.95,-87.68,0.0
70,218.0,87625.0,131112.0,3598.0,1511.0,1462.0,587.0,1462.0,1804.0,1264.0,50900.0,41.94,-87.69,0.0
71,197.0,106310.0,142655.0,2750.0,1444.0,1783.0,740.0,1783.0,1570.0,1264.0,51000.0,41.94,-87.69,0.0
72,166.0,124583.0,175780.0,3213.0,1319.0,1670.0,644.0,1670.0,1804.0,1439.0,51100.0,41.94,-87.68,0.0
73,197.0,120865.0,210935.0,3273.0,1554.0,1563.0,599.0,1623.0,1880.0,1319.0,51200.0,41.94,-87.68,0.0
74,257.0,149271.0,208332.0,3029.0,1802.0,2783.0,1125.0,2783.0,1880.0,1319.0,51300.0,41.94,-87.68,0.0
75,221.0,100795.0,151142.0,2707.0,1439.0,1814.0,787.0,1814.0,1802.0,1319.0,51400.0,41.94,-87.68,0.0
76,395.0,91298.0,152772.0,2547.0,1458.0,2773.0,1227.0,2773.0,1479.0,541.0,60100.0,41.96,-87.67,0.0
77,226.0,69650.0,120007.0,3073.0,1218.0,2274.0,1107.0,2279.0,1634.0,1150.0,60200.0,41.96,-87.67,0.0
78,388.0,114412.0,185035.0,3084.0,1473.0,3461.0,1362.0,3461.0,1804.0,1218.0,60300.0,41.95,-87.67,0.0
79,325.0,123984.0,182480.0,2937.0,1479.0,3980.0,1543.0,3980.0,1760.0,541.0,60400.0,41.95,-87.67,0.0
80,81.0,41818.0,92847.0,3727.0,541.0,1240.0,742.0,1306.0,1925.0,717.0,60500.0,41.95,-87.66,0.0
81,284.0,85132.0,106135.0,1839.0,1443.0,4825.0,3072.0,4825.0,1966.0,1138.0,60800.0,41.95,-87.64,0.0
82,345.0,57305.0,84024.0,1801.0,1254.0,7529.0,4690.0,7529.0,1443.0,1177.0,60900.0,41.95,-87.64,0.0
83,0.0,108625.0,136423.0,2645.0,1966.0,2085.0,983.0,2085.0,1925.0,1138.0,61000.0,41.95,-87.65,0.0
84,59.0,107250.0,147357.0,2631.0,1925.0,1421.0,608.0,1421.0,1966.0,541.0,61100.0,41.95,-87.66,0.0
85,129.0,106823.0,151613.0,2865.0,1760.0,1897.0,791.0,1897.0,1925.0,541.0,61200.0,41.95,-87.66,0.0
86,107.0,117656.0,154251.0,2430.0,1733.0,1917.0,803.0,1917.0,1925.0,1724.0,61500.0,41.95,-87.66,0.0
87,35.0,65469.0,70624.0,2032.0,1308.0,1108.0,716.0,1212.0,1966.0,1254.0,61800.0,41.95,-87.65,0.0
88,177.0,58375.0,83210.0,1886.0,1359.0,3513.0,2264.0,3513.0,1549.0,1254.0,61901.0,41.94,-87.64,0.0
89,89.0,63897.0,101209.0,2758.0,1324.0,4512.0,2915.0,4512.0,1443.0,1254.0,61902.0,41.95,-87.64,0.0
90,108.0,74250.0,108200.0,2157.0,1341.0,3017.0,1548.0,3022.0,1549.0,1241.0,62000.0,41.94,-87.65,0.0
91,48.0,91375.0,119340.0,2473.0,1549.0,3740.0,1797.0,3740.0,1966.0,1241.0,62100.0,41.94,-87.65,0.0
92,79.0,108313.0,137971.0,3002.0,1724.0,2833.0,1275.0,2833.0,1925.0,1494.0,62200.0,41.94,-87.66,0.0
93,152.0,136250.0,243735.0,3829.0,1863.0,1728.0,710.0,1728.0,1810.0,1494.0,62300.0,41.94,-87.66,0.0
94,73.0,138977.0,188034.0,3352.0,1753.0,1427.0,671.0,1433.0,1880.0,1554.0,62400.0,41.94,-87.67,0.0
95,61.0,128438.0,199940.0,2966.0,1880.0,1568.0,715.0,1568.0,1804.0,1554.0,62500.0,41.94,-87.67,0.0
96,224.0,144211.0,214637.0,3289.0,1554.0,2288.0,952.0,2288.0,1880.0,1554.0,62600.0,41.94,-87.67,0.0
97,271.0,135096.0,192159.0,2782.0,1636.0,2736.0,1094.0,2770.0,1924.0,1554.0,62700.0,41.94,-87.67,0.0
98,241.0,140972.0,199088.0,3033.0,1810.0,3651.0,1521.0,3651.0,1863.0,1494.0,62800.0,41.94,-87.66,0.0
99,249.0,116250.0,160543.0,3047.0,1494.0,3959.0,1859.0,3959.0,1863.0,852.0,62900.0,41.94,-87.66,0.0
100,145.0,95625.0,124216.0,2962.0,1241.0,3214.0,1722.0,3249.0,1812.0,1304.0,63000.0,41.94,-87.65,0.0
101,115.0,92933.0,117874.0,2398.0,1403.0,2326.0,1326.0,2326.0,1549.0,1123.0,63100.0,41.94,-87.65,0.0
102,319.0,64322.0,102490.0,2140.0,1332.0,6955.0,4215.0,7045.0,2895.0,1123.0,63200.0,41.94,-87.63,0.0
103,23.0,48906.0,66226.0,2497.0,1123.0,2588.0,1769.0,2588.0,1433.0,1236.0,63301.0,41.93,-87.64,0.0
104,51.0,74805.0,88879.0,2386.0,1349.0,4140.0,2811.0,4140.0,2895.0,1123.0,63302.0,41.93,-87.64,0.0
105,10.0,78580.0,99339.0,1908.0,2895.0,1295.0,953.0,1295.0,1349.0,1123.0,63303.0,41.93,-87.63,0.0
106,116.0,95488.0,122782.0,2718.0,1304.0,2274.0,1176.0,2274.0,1433.0,1123.0,63400.0,41.93,-87.65,0.0
107,245.0,69222.0,89384.0,2634.0,1299.0,3618.0,2532.0,3618.0,2895.0,1236.0,70101.0,41.93,-87.63,0.0
108,118.0,67000.0,119103.0,2755.0,1236.0,2781.0,1888.0,2879.0,2895.0,1123.0,70102.0,41.93,-87.64,0.0
109,14.0,57963.0,67024.0,2261.0,1340.0,1587.0,1180.0,1587.0,1689.0,1123.0,70103.0,41.93,-87.64,0.0
110,237.0,84668.0,124367.0,3503.0,1433.0,3895.0,2013.0,4084.0,1812.0,1123.0,70200.0,41.93,-87.65,0.0
111,170.0,120139.0,142506.0,2982.0,1812.0,3591.0,1631.0,3591.0,1865.0,852.0,70300.0,41.93,-87.65,0.0
112,134.0,90125.0,152843.0,3053.0,852.0,3228.0,1593.0,3228.0,1865.0,1241.0,70400.0,41.93,-87.66,0.0
113,263.0,120885.0,228396.0,3546.0,1536.0,2983.0,1313.0,3229.0,1924.0,852.0,70500.0,41.93,-87.66,0.0
114,473.0,151250.0,182847.0,3254.0,1924.0,3357.0,1297.0,3357.0,1810.0,1452.0,70600.0,41.93,-87.67,0.0
115,411.0,122571.0,185561.0,2997.0,1610.0,4435.0,1757.0,4440.0,1924.0,1439.0,70700.0,41.93,-87.67,0.0
116,158.0,121840.0,166657.0,2936.0,1865.0,2439.0,1041.0,4437.0,1960.0,852.0,71000.0,41.92,-87.66,0.0
117,153.0,116483.0,173306.0,4000.0,1744.0,2727.0,1055.0,3200.0,1960.0,852.0,71100.0,41.92,-87.65,0.0
118,204.0,104115.0,147391.0,3026.0,1689.0,1931.0,936.0,1931.0,1744.0,1340.0,71200.0,41.92,-87.65,0.0
119,532.0,103571.0,196923.0,3382.0,1595.0,3730.0,1796.0,3747.0,1689.0,1236.0,71300.0,41.92,-87.64,0.0
120,88.0,71701.0,119049.0,2824.0,1410.0,4491.0,2853.0,4749.0,2895.0,1299.0,71400.0,41.92,-87.63,0.0
121,300.0,89167.0,119224.0,2500.0,1633.0,5915.0,3820.0,5915.0,1868.0,1362.0,71500.0,41.91,-87.63,0.0
122,266.0,120240.0,219176.0,3446.0,1618.0,1709.0,719.0,1709.0,1984.0,631.0,71600.0,41.92,-87.64,0.0
123,185.0,137500.0,205025.0,2965.0,1984.0,1763.0,732.0,1776.0,1868.0,631.0,71700.0,41.91,-87.64,0.0
124,371.0,149028.0,209218.0,3097.0,1640.0,2773.0,1081.0,2773.0,1984.0,631.0,71800.0,41.91,-87.65,0.0
125,269.0,118500.0,196192.0,3353.0,1749.0,6666.0,4090.0,6666.0,1796.0,1362.0,80100.0,41.91,-87.63,0.0
126,15.0,79869.0,109675.0,2008.0,1494.0,3230.0,2293.0,3230.0,1868.0,1163.0,80201.0,41.91,-87.63,0.0
127,123.0,81794.0,147278.0,2148.0,1362.0,3506.0,2228.0,3506.0,1868.0,1163.0,80202.0,41.91,-87.63,0.0
128,121.0,117687.0,175880.0,2684.0,1868.0,4579.0,2714.0,4579.0,1984.0,631.0,80300.0,41.91,-87.64,0.0
129,508.0,30625.0,93220.0,2653.0,631.0,4198.0,1929.0,4229.0,1984.0,1192.0,80400.0,41.91,-87.64,0.0
130,133.0,51905.0,70489.0,2627.0,1163.0,6188.0,4598.0,7698.0,1950.0,1192.0,81000.0,41.9,-87.63,0.0
131,32.0,72303.0,103059.0,2283.0,1530.0,4065.0,2725.0,4077.0,1992.0,1163.0,81100.0,41.9,-87.63,0.0
132,68.0,88088.0,181426.0,3409.0,1796.0,4262.0,2914.0,4656.0,2031.0,1163.0,81201.0,41.9,-87.63,0.0
133,94.0,113798.0,202384.0,3164.0,1509.0,3021.0,1773.0,3021.0,1796.0,1362.0,81202.0,41.9,-87.62,0.0
134,131.0,85938.0,158982.0,2701.0,1535.0,5276.0,3304.0,5276.0,1992.0,1509.0,81300.0,41.9,-87.62,0.0
135,82.0,62321.0,132257.0,3646.0,1749.0,2345.0,1526.0,2386.0,2134.0,1535.0,81401.0,41.9,-87.62,0.0
136,159.0,109801.0,170689.0,3457.0,2060.0,5048.0,2999.0,5048.0,2134.0,1535.0,81402.0,41.89,-87.61,0.0
137,256.0,102856.0,152709.0,3050.0,1926.0,7635.0,5231.0,7635.0,2134.0,1535.0,81403.0,41.89,-87.62,0.0
138,80.0,103750.0,161542.0,3233.0,1992.0,4968.0,3188.0,4994.0,2031.0,1535.0,81500.0,41.89,-87.63,0.0
139,95.0,103060.0,159472.0,2959.0,2031.0,3937.0,2535.0,3937.0,1992.0,1163.0,81600.0,41.89,-87.63,0.0
140,0.0,95545.0,138421.0,2603.0,1950.0,3487.0,2416.0,3487.0,2031.0,1163.0,81700.0,41.89,-87.63,0.0
141,195.0,116705.0,156332.0,2507.0,2024.0,8960.0,5719.0,8960.0,2214.0,756.0,81800.0,41.89,-87.64,0.0
142,90.0,139063.0,210834.0,3289.0,756.0,935.0,413.0,935.0,2024.0,631.0,81900.0,41.9,-87.64,1.0
143,576.0,94375.0,123236.0,2438.0,955.0,3558.0,1379.0,3558.0,1643.0,1096.0,90100.0,42.02,-87.81,0.0
144,901.0,100808.0,131571.0,2158.0,1209.0,6798.0,2752.0,6803.0,1643.0,955.0,90200.0,42.01,-87.81,0.0
145,165.0,89205.0,113521.0,2297.0,1186.0,1392.0,507.0,1392.0,1643.0,955.0,90300.0,42.0,-87.82,0.0
146,617.0,66265.0,112494.0,2200.0,1128.0,5492.0,2207.0,5498.0,1594.0,950.0,100100.0,41.99,-87.78,0.0
147,754.0,70549.0,91049.0,2136.0,1096.0,6581.0,2810.0,6762.0,1594.0,1026.0,100200.0,42.0,-87.79,0.0
148,612.0,73558.0,93452.0,2303.0,1319.0,5939.0,2676.0,6272.0,1649.0,967.0,100300.0,41.99,-87.8,0.0
149,475.0,83594.0,97229.0,2165.0,1643.0,3281.0,1241.0,3289.0,1421.0,967.0,100400.0,41.99,-87.82,0.0
150,641.0,82865.0,104550.0,2109.0,967.0,5483.0,2137.0,5492.0,1643.0,985.0,100500.0,41.98,-87.82,0.0
151,583.0,64151.0,88268.0,1818.0,1026.0,4892.0,1879.0,4892.0,1649.0,1019.0,100600.0,41.98,-87.8,0.0
152,465.0,77324.0,97839.0,1929.0,1649.0,4715.0,1800.0,4731.0,1319.0,1019.0,100700.0,41.97,-87.8,0.0
153,676.0,74440.0,96964.0,2112.0,950.0,5229.0,2090.0,5229.0,1594.0,976.0,110100.0,41.99,-87.77,0.0
154,371.0,80240.0,86110.0,1924.0,976.0,3230.0,1238.0,3235.0,1131.0,950.0,110200.0,41.98,-87.77,0.0
155,693.0,74537.0,91286.0,2063.0,1019.0,5242.0,1976.0,5242.0,1649.0,976.0,110300.0,41.98,-87.78,0.0
156,352.0,70344.0,82238.0,2150.0,1131.0,4353.0,1836.0,4367.0,1066.0,972.0,110400.0,41.97,-87.77,0.0
157,755.0,80098.0,89498.0,2065.0,1009.0,5310.0,1742.0,5325.0,1326.0,950.0,110501.0,41.98,-87.76,0.0
158,278.0,55194.0,72326.0,2078.0,1059.0,3410.0,1477.0,3410.0,1326.0,972.0,110502.0,41.97,-87.76,0.0
159,682.0,124338.0,137832.0,2593.0,1594.0,3821.0,1439.0,3826.0,1310.0,950.0,120100.0,42.0,-87.78,0.0
160,901.0,108954.0,133488.0,2682.0,1310.0,4793.0,1713.0,4793.0,1594.0,950.0,120200.0,41.99,-87.76,0.0
161,886.0,121793.0,139769.0,2391.0,1137.0,6636.0,2378.0,6665.0,1326.0,404.0,120300.0,41.99,-87.74,0.0
162,677.0,82167.0,97420.0,2357.0,1326.0,3713.0,1258.0,3713.0,1310.0,870.0,120400.0,41.98,-87.75,0.0
163,771.0,40503.0,67465.0,2128.0,404.0,5037.0,1935.0,5327.0,1373.0,967.0,130100.0,41.99,-87.72,0.0
164,204.0,77800.0,109194.0,2179.0,1024.0,1565.0,662.0,1565.0,1137.0,404.0,130200.0,41.98,-87.73,0.0
165,641.0,58214.0,73967.0,2174.0,1128.0,5532.0,1766.0,5532.0,1373.0,404.0,130300.0,41.99,-87.71,0.0
166,636.0,39961.0,52087.0,2206.0,1072.0,3613.0,1126.0,3613.0,1225.0,948.0,140100.0,41.97,-87.71,0.0
167,686.0,42694.0,61840.0,1604.0,998.0,5035.0,1671.0,6228.0,1137.0,948.0,140200.0,41.97,-87.71,0.0
168,358.0,40192.0,56219.0,2175.0,990.0,2900.0,774.0,2900.0,1137.0,949.0,140301.0,41.97,-87.72,1.0
169,594.0,72577.0,81443.0,2207.0,967.0,3893.0,1267.0,4254.0,1074.0,949.0,140302.0,41.97,-87.72,0.0
170,1077.0,73906.0,90381.0,2215.0,870.0,6884.0,2280.0,6884.0,1326.0,889.0,140400.0,41.97,-87.74,0.0
171,639.0,56278.0,75499.0,1885.0,1050.0,4237.0,1272.0,4237.0,990.0,870.0,140500.0,41.97,-87.73,0.0
172,442.0,45769.0,58344.0,1884.0,949.0,2760.0,918.0,2760.0,1074.0,925.0,140601.0,41.96,-87.73,0.0
173,646.0,60508.0,72616.0,1973.0,1074.0,5251.0,1589.0,5251.0,1137.0,948.0,140602.0,41.96,-87.72,0.0
174,477.0,60100.0,70266.0,1805.0,1137.0,2911.0,1006.0,2911.0,1075.0,948.0,140701.0,41.97,-87.71,0.0
175,779.0,51324.0,72708.0,2047.0,948.0,6133.0,2060.0,6154.0,1137.0,998.0,140702.0,41.96,-87.71,0.0
176,733.0,69545.0,101054.0,2224.0,1064.0,6800.0,2600.0,6800.0,1336.0,948.0,140800.0,41.96,-87.7,0.0
177,892.0,64545.0,76834.0,2041.0,983.0,7682.0,2972.0,7701.0,1147.0,889.0,150200.0,41.96,-87.75,0.0
178,1121.0,74106.0,83759.0,1887.0,1077.0,8145.0,2991.0,8150.0,1148.0,972.0,150300.0,41.96,-87.76,0.0
179,1013.0,70203.0,84272.0,1802.0,972.0,5266.0,1811.0,5266.0,1131.0,1037.0,150401.0,41.96,-87.77,0.0
180,322.0,64545.0,83391.0,2127.0,1037.0,3662.0,1260.0,3668.0,1148.0,941.0,150402.0,41.96,-87.77,0.0
181,529.0,65893.0,85314.0,1748.0,1066.0,4045.0,1432.0,4050.0,1131.0,941.0,150501.0,41.96,-87.78,0.0
182,535.0,57857.0,78450.0,1810.0,1050.0,4221.0,1506.0,4243.0,1210.0,941.0,150502.0,41.96,-87.78,0.0
183,440.0,65543.0,80604.0,1923.0,1000.0,3899.0,1370.0,3899.0,1148.0,844.0,150600.0,41.95,-87.77,0.0
184,426.0,69265.0,84631.0,1940.0,1148.0,3994.0,1474.0,3994.0,1077.0,844.0,150700.0,41.95,-87.76,0.0
185,650.0,54414.0,75261.0,1938.0,993.0,4901.0,1704.0,4914.0,1148.0,922.0,150800.0,41.95,-87.75,0.0
186,344.0,49674.0,63073.0,1905.0,1009.0,2404.0,884.0,2404.0,1148.0,821.0,151001.0,41.94,-87.75,0.0
187,571.0,48225.0,60421.0,1858.0,922.0,4360.0,1528.0,4360.0,1076.0,880.0,151002.0,41.94,-87.75,0.0
188,787.0,58269.0,69708.0,1977.0,1028.0,5602.0,1760.0,5612.0,1148.0,821.0,151100.0,41.94,-87.76,0.0
189,514.0,54671.0,72838.0,1860.0,844.0,3687.0,1217.0,3687.0,1148.0,976.0,151200.0,41.94,-87.77,0.0
190,309.0,65161.0,81147.0,1982.0,1147.0,2683.0,946.0,2688.0,1067.0,870.0,160100.0,41.96,-87.74,0.0
191,339.0,74219.0,100531.0,2485.0,889.0,3048.0,1248.0,3093.0,1334.0,925.0,160200.0,41.96,-87.74,0.0
192,148.0,51511.0,64851.0,1358.0,925.0,3709.0,1859.0,3834.0,1334.0,889.0,160300.0,41.96,-87.73,1.0
193,569.0,49216.0,67025.0,1980.0,992.0,4697.0,1807.0,4708.0,1080.0,925.0,160400.0,41.96,-87.72,0.0
194,670.0,56477.0,71125.0,2068.0,1075.0,4237.0,1298.0,4237.0,1137.0,948.0,160501.0,41.96,-87.71,0.0
195,555.0,58776.0,74020.0,1940.0,1080.0,3905.0,1290.0,3905.0,1088.0,948.0,160502.0,41.96,-87.71,0.0
196,327.0,67113.0,78836.0,2091.0,1072.0,3664.0,1325.0,3674.0,1280.0,948.0,160601.0,41.96,-87.7,0.0
197,515.0,59821.0,73661.0,2450.0,987.0,3679.0,1443.0,3679.0,1363.0,1064.0,160602.0,41.96,-87.7,0.0
198,568.0,65281.0,88090.0,1958.0,1280.0,6364.0,2251.0,6533.0,1211.0,987.0,160700.0,41.95,-87.7,0.0
199,620.0,57261.0,74380.0,2262.0,1088.0,5164.0,1859.0,5164.0,1280.0,984.0,160800.0,41.95,-87.71,0.0
200,335.0,80551.0,91897.0,2503.0,984.0,2464.0,1048.0,2470.0,1118.0,925.0,160900.0,41.95,-87.72,0.0
201,215.0,73342.0,100534.0,2943.0,1118.0,2022.0,809.0,2027.0,1334.0,925.0,161000.0,41.95,-87.73,0.0
202,339.0,101848.0,155564.0,2713.0,1334.0,1935.0,746.0,1935.0,1118.0,889.0,161100.0,41.95,-87.74,0.0
203,385.0,61466.0,78071.0,1911.0,1050.0,3021.0,946.0,3021.0,1334.0,880.0,161200.0,41.94,-87.74,0.0
204,413.0,45616.0,57644.0,1954.0,940.0,3589.0,1361.0,3638.0,1334.0,936.0,161300.0,41.94,-87.73,0.0
205,51.0,39643.0,52751.0,1400.0,1210.0,1647.0,982.0,1805.0,1649.0,941.0,170100.0,41.96,-87.79,0.0
206,606.0,71660.0,86674.0,1955.0,941.0,4170.0,1241.0,4178.0,1050.0,844.0,170200.0,41.95,-87.78,0.0
207,974.0,59554.0,72642.0,1655.0,1053.0,5491.0,1848.0,5496.0,1210.0,781.0,170300.0,41.95,-87.8,0.0
208,442.0,56645.0,69834.0,1874.0,1113.0,3765.0,1517.0,3765.0,1123.0,904.0,170400.0,41.95,-87.81,0.0
209,755.0,78650.0,81202.0,1848.0,1123.0,5504.0,1989.0,5504.0,1113.0,963.0,170500.0,41.95,-87.83,0.0
210,340.0,71875.0,76734.0,1886.0,981.0,2621.0,989.0,2631.0,1123.0,904.0,170600.0,41.94,-87.83,0.0
211,496.0,74414.0,83200.0,1941.0,1095.0,2941.0,1041.0,2941.0,1123.0,781.0,170700.0,41.94,-87.82,0.0
212,452.0,67391.0,72928.0,1729.0,963.0,4060.0,1424.0,4060.0,1113.0,781.0,170800.0,41.94,-87.81,0.0
213,299.0,49508.0,66221.0,1819.0,904.0,1868.0,653.0,1868.0,1113.0,781.0,170900.0,41.94,-87.81,0.0
214,1010.0,67308.0,90989.0,1804.0,1084.0,7578.0,2672.0,7597.0,1210.0,781.0,171000.0,41.94,-87.8,0.0
215,526.0,65952.0,76790.0,1764.0,976.0,3844.0,1260.0,3844.0,1117.0,844.0,171100.0,41.94,-87.78,0.0
216,634.0,59286.0,83458.0,1758.0,781.0,6136.0,2094.0,6210.0,1084.0,904.0,180100.0,41.93,-87.8,0.0
217,488.0,35565.0,46821.0,1967.0,880.0,2534.0,824.0,2534.0,1076.0,921.0,190100.0,41.94,-87.74,1.0
218,1018.0,55842.0,65709.0,1999.0,1076.0,5518.0,1499.0,5525.0,1009.0,821.0,190200.0,41.94,-87.75,0.0
219,668.0,46010.0,58020.0,1946.0,821.0,5302.0,1729.0,5302.0,1076.0,985.0,190300.0,41.93,-87.76,1.0
220,668.0,56016.0,65576.0,1816.0,1041.0,3983.0,1234.0,3983.0,1117.0,844.0,190401.0,41.93,-87.78,0.0
221,955.0,46993.0,65533.0,1852.0,1032.0,5429.0,1638.0,5434.0,1117.0,821.0,190402.0,41.93,-87.77,0.0
222,920.0,50781.0,73630.0,1744.0,1117.0,5126.0,1191.0,5126.0,1053.0,966.0,190601.0,41.93,-87.78,0.0
223,934.0,51986.0,65659.0,1863.0,1053.0,5606.0,1416.0,5867.0,1117.0,821.0,190602.0,41.93,-87.77,0.0
224,589.0,44797.0,56940.0,1908.0,1002.0,2861.0,780.0,2861.0,1053.0,821.0,190701.0,41.93,-87.76,0.0
225,901.0,40761.0,50190.0,1923.0,985.0,5177.0,1434.0,5177.0,1053.0,821.0,190702.0,41.93,-87.76,0.0
226,1259.0,42279.0,55965.0,1909.0,959.0,7216.0,2019.0,7222.0,1076.0,855.0,190800.0,41.93,-87.75,0.0
227,340.0,39706.0,55873.0,1819.0,921.0,2226.0,674.0,2226.0,1012.0,880.0,190900.0,41.93,-87.74,0.0
228,380.0,48125.0,63555.0,1738.0,994.0,2653.0,719.0,2653.0,988.0,855.0,191000.0,41.92,-87.74,1.0
229,1701.0,47750.0,52348.0,1757.0,855.0,7618.0,1999.0,7618.0,994.0,921.0,191100.0,41.92,-87.75,0.0
230,707.0,44167.0,49796.0,1746.0,951.0,3827.0,988.0,3832.0,1014.0,855.0,191200.0,41.92,-87.76,0.0
231,1144.0,42910.0,55117.0,1826.0,966.0,5677.0,1407.0,5686.0,1117.0,1000.0,191301.0,41.92,-87.78,0.0
232,1114.0,43403.0,59980.0,1807.0,1014.0,5370.0,1385.0,5370.0,1059.0,951.0,191302.0,41.92,-87.77,0.0
233,602.0,44419.0,63877.0,1748.0,970.0,4275.0,1362.0,4275.0,1050.0,880.0,200100.0,41.94,-87.74,0.0
234,528.0,37346.0,53574.0,1826.0,1012.0,4802.0,1596.0,4805.0,1023.0,884.0,200200.0,41.93,-87.74,0.0
235,309.0,40385.0,60665.0,1969.0,963.0,2130.0,570.0,2130.0,1012.0,884.0,200300.0,41.92,-87.73,0.0
236,789.0,38309.0,50375.0,1929.0,928.0,3642.0,1030.0,3642.0,1012.0,880.0,200401.0,41.92,-87.74,0.0
237,590.0,42135.0,58474.0,1836.0,884.0,4241.0,1059.0,4241.0,1070.0,880.0,200402.0,41.92,-87.73,0.0
238,457.0,56705.0,76102.0,2194.0,1211.0,3511.0,1362.0,3517.0,1280.0,987.0,210100.0,41.94,-87.7,0.0
239,387.0,42364.0,58218.0,1969.0,1023.0,2732.0,969.0,2780.0,1012.0,936.0,210400.0,41.94,-87.73,0.0
240,404.0,42990.0,55751.0,2162.0,936.0,3500.0,1258.0,3500.0,1041.0,940.0,210501.0,41.94,-87.72,1.0
241,771.0,44750.0,57205.0,2225.0,1004.0,4645.0,1433.0,4653.0,1092.0,936.0,210502.0,41.93,-87.72,1.0
242,356.0,61141.0,69388.0,2161.0,1041.0,2716.0,930.0,2725.0,1124.0,936.0,210601.0,41.94,-87.71,0.0
243,414.0,54700.0,81502.0,1842.0,989.0,4032.0,1504.0,4032.0,1533.0,974.0,210602.0,41.93,-87.71,0.0
244,458.0,51758.0,71644.0,2068.0,1124.0,4253.0,1593.0,4253.0,1610.0,989.0,210700.0,41.94,-87.7,0.0
245,109.0,59615.0,99675.0,2400.0,1047.0,1076.0,378.0,1081.0,1610.0,1124.0,210800.0,41.94,-87.7,0.0
246,440.0,54688.0,80631.0,2100.0,1147.0,2952.0,1184.0,2952.0,1610.0,1047.0,210900.0,41.93,-87.69,0.0
247,219.0,85288.0,118067.0,2633.0,1266.0,2157.0,911.0,2177.0,1610.0,1017.0,220300.0,41.93,-87.7,1.0
248,126.0,88043.0,103393.0,2476.0,1610.0,2569.0,1088.0,2569.0,1533.0,1047.0,220400.0,41.93,-87.7,0.0
249,109.0,80433.0,100042.0,2099.0,1533.0,2552.0,1201.0,2552.0,1610.0,974.0,220500.0,41.93,-87.7,0.0
250,297.0,58558.0,77103.0,2555.0,1168.0,1893.0,693.0,1893.0,1533.0,974.0,220601.0,41.93,-87.71,0.0
251,364.0,44091.0,65421.0,2230.0,974.0,5148.0,2382.0,5164.0,1533.0,989.0,220602.0,41.93,-87.71,1.0
252,478.0,67415.0,84765.0,1706.0,1092.0,3329.0,1040.0,3337.0,1168.0,961.0,220701.0,41.93,-87.72,0.0
253,688.0,61186.0,67280.0,2132.0,1011.0,3828.0,1287.0,3853.0,1092.0,936.0,220702.0,41.93,-87.72,0.0
254,551.0,41047.0,59140.0,1654.0,961.0,2965.0,980.0,2965.0,1103.0,977.0,220901.0,41.92,-87.72,1.0
255,419.0,46574.0,62176.0,2074.0,1070.0,2943.0,954.0,2943.0,1098.0,884.0,220902.0,41.92,-87.72,1.0
256,521.0,38250.0,58696.0,1911.0,1098.0,2962.0,1019.0,2962.0,1168.0,961.0,221000.0,41.92,-87.72,0.0
257,564.0,53846.0,64736.0,2081.0,1123.0,5091.0,1956.0,5296.0,1231.0,977.0,221100.0,41.92,-87.71,0.0
258,337.0,82941.0,116716.0,2043.0,1231.0,3240.0,1246.0,3249.0,1533.0,1123.0,221200.0,41.92,-87.7,0.0
259,240.0,62679.0,76909.0,2303.0,1161.0,2748.0,1301.0,2803.0,1610.0,1162.0,221300.0,41.92,-87.7,0.0
260,395.0,70313.0,89876.0,2148.0,1321.0,3067.0,1322.0,3067.0,1548.0,1017.0,221400.0,41.92,-87.69,0.0
261,177.0,58268.0,74266.0,2201.0,1017.0,2783.0,1383.0,2783.0,1790.0,1266.0,221500.0,41.92,-87.69,0.0
262,249.0,107841.0,165159.0,3039.0,1541.0,3025.0,1383.0,3025.0,2097.0,1017.0,221600.0,41.92,-87.69,0.0
263,121.0,130990.0,186802.0,3043.0,1790.0,2104.0,879.0,2123.0,2097.0,1017.0,222200.0,41.92,-87.68,0.0
264,155.0,58000.0,74929.0,2028.0,1162.0,1584.0,504.0,1622.0,1321.0,963.0,222500.0,41.92,-87.7,1.0
265,103.0,65341.0,76623.0,2124.0,1203.0,1517.0,687.0,1517.0,1231.0,963.0,222600.0,41.92,-87.7,0.0
266,374.0,62100.0,77537.0,1944.0,1183.0,2660.0,848.0,2692.0,1203.0,878.0,222700.0,41.92,-87.71,0.0
267,135.0,40435.0,52831.0,1625.0,977.0,972.0,340.0,972.0,1183.0,878.0,222800.0,41.92,-87.72,0.0
268,138.0,43750.0,57745.0,1879.0,1007.0,926.0,300.0,926.0,1103.0,878.0,222900.0,41.92,-87.72,1.0
269,322.0,51875.0,64555.0,2830.0,963.0,1753.0,592.0,1753.0,1203.0,1009.0,230100.0,41.91,-87.7,0.0
270,453.0,44129.0,55854.0,2096.0,1017.0,2081.0,577.0,2131.0,1203.0,878.0,230200.0,41.91,-87.71,0.0
271,159.0,41033.0,51182.0,1500.0,878.0,1033.0,263.0,1033.0,1183.0,977.0,230300.0,41.91,-87.71,0.0
272,328.0,56250.0,62910.0,1609.0,1103.0,2371.0,684.0,2371.0,1055.0,878.0,230400.0,41.91,-87.72,1.0
273,683.0,31473.0,40598.0,1684.0,880.0,3729.0,1124.0,3729.0,963.0,825.0,230500.0,41.91,-87.73,1.0
274,1257.0,34716.0,44969.0,1662.0,941.0,6596.0,1904.0,6606.0,1055.0,825.0,230600.0,41.91,-87.73,0.0
275,1114.0,39298.0,49639.0,1559.0,1055.0,5652.0,1621.0,5677.0,1103.0,835.0,230700.0,41.91,-87.72,0.0
276,196.0,68250.0,79279.0,1765.0,997.0,1341.0,346.0,1359.0,1103.0,835.0,230800.0,41.91,-87.71,1.0
277,1047.0,38611.0,59555.0,1838.0,1038.0,5236.0,1832.0,5330.0,1183.0,878.0,230900.0,41.91,-87.71,1.0
278,238.0,33750.0,65519.0,1432.0,835.0,1327.0,362.0,1348.0,1055.0,924.0,231100.0,41.9,-87.72,0.0
279,1049.0,29120.0,45042.0,1208.0,924.0,6114.0,1820.0,6138.0,1103.0,835.0,231200.0,41.9,-87.72,0.0
280,1102.0,28013.0,40513.0,1497.0,1035.0,6594.0,1840.0,6699.0,1064.0,538.0,231500.0,41.89,-87.72,0.0
281,76.0,124545.0,162610.0,2938.0,1348.0,1592.0,794.0,1592.0,1856.0,1510.0,240200.0,41.91,-87.67,0.0
282,89.0,116042.0,171619.0,3587.0,1586.0,1251.0,593.0,1251.0,1983.0,1348.0,240300.0,41.91,-87.68,0.0
283,90.0,151369.0,185601.0,2503.0,2097.0,2294.0,1267.0,2294.0,1983.0,1249.0,240500.0,41.91,-87.68,0.0
284,144.0,103333.0,146596.0,2756.0,1449.0,1644.0,620.0,1644.0,2097.0,1099.0,240600.0,41.91,-87.69,0.0
285,237.0,57321.0,92649.0,2620.0,1099.0,1652.0,643.0,1652.0,1548.0,1009.0,240700.0,41.91,-87.69,0.0
286,194.0,44444.0,63262.0,1976.0,1009.0,1537.0,636.0,1587.0,1203.0,963.0,240800.0,41.91,-87.7,0.0
287,96.0,39219.0,59904.0,2181.0,1024.0,1015.0,503.0,1015.0,1118.0,963.0,240900.0,41.9,-87.7,0.0
288,365.0,59327.0,70725.0,1717.0,1118.0,2065.0,714.0,2220.0,1449.0,1009.0,241000.0,41.91,-87.69,1.0
289,281.0,79803.0,84359.0,2390.0,1249.0,3904.0,1559.0,3904.0,1610.0,1075.0,241100.0,41.91,-87.69,1.0
290,107.0,104750.0,152994.0,3537.0,1610.0,1857.0,722.0,1862.0,2097.0,1227.0,241200.0,41.91,-87.68,0.0
291,143.0,117396.0,168647.0,2722.0,1983.0,1858.0,771.0,2031.0,2097.0,1427.0,241300.0,41.91,-87.68,0.0
292,254.0,101480.0,138991.0,3083.0,1837.0,5089.0,2414.0,5089.0,1983.0,1348.0,241400.0,41.91,-87.68,0.0
293,227.0,123304.0,153922.0,2460.0,1645.0,2900.0,1347.0,2911.0,1856.0,1348.0,241500.0,41.91,-87.67,0.0
294,153.0,91983.0,113564.0,2850.0,1510.0,3526.0,1612.0,3526.0,1837.0,1056.0,241600.0,41.91,-87.67,0.0
295,264.0,64559.0,91176.0,2831.0,1056.0,5092.0,1990.0,5156.0,1620.0,1350.0,242000.0,41.9,-87.66,1.0
296,161.0,125217.0,145327.0,2830.0,1620.0,3803.0,1666.0,3803.0,1837.0,1056.0,242100.0,41.9,-87.67,0.0
297,206.0,92083.0,133400.0,2822.0,1595.0,3373.0,1677.0,3373.0,1837.0,1225.0,242200.0,41.9,-87.67,0.0
298,126.0,86976.0,115897.0,2490.0,1427.0,3028.0,1569.0,3034.0,1983.0,1225.0,242300.0,41.9,-87.68,0.0
299,103.0,77311.0,92633.0,2245.0,1431.0,2855.0,1370.0,2866.0,1983.0,1225.0,242400.0,41.9,-87.68,0.0
300,338.0,64167.0,78057.0,2385.0,1227.0,3604.0,1556.0,3609.0,1610.0,1075.0,242500.0,41.9,-87.69,0.0
301,699.0,56314.0,80071.0,2374.0,1075.0,5959.0,2511.0,5959.0,1280.0,1017.0,242600.0,41.9,-87.69,0.0
302,189.0,31375.0,53055.0,1990.0,1017.0,1627.0,725.0,1627.0,1280.0,873.0,242700.0,41.9,-87.7,0.0
303,214.0,80679.0,111178.0,2540.0,1280.0,1546.0,601.0,1551.0,1431.0,1017.0,242800.0,41.89,-87.69,1.0
304,98.0,67500.0,96521.0,2625.0,1289.0,1596.0,782.0,1601.0,1431.0,1225.0,242900.0,41.89,-87.68,0.0
305,183.0,73320.0,97985.0,2560.0,1225.0,2273.0,1037.0,2273.0,1595.0,1230.0,243000.0,41.89,-87.68,0.0
306,98.0,101458.0,129373.0,2365.0,1294.0,2259.0,875.0,2259.0,1620.0,1118.0,243100.0,41.89,-87.67,1.0
307,271.0,108750.0,141579.0,2811.0,1432.0,2301.0,928.0,2318.0,1620.0,1056.0,243200.0,41.89,-87.67,0.0
308,229.0,76339.0,110228.0,2739.0,1355.0,2358.0,1105.0,2358.0,1620.0,1056.0,243300.0,41.89,-87.66,0.0
309,241.0,87708.0,107618.0,2295.0,1350.0,2799.0,1311.0,2804.0,1960.0,1056.0,243400.0,41.89,-87.66,0.0
310,111.0,101375.0,136973.0,2518.0,1890.0,3263.0,1764.0,3263.0,2214.0,756.0,243500.0,41.89,-87.65,0.0
311,449.0,45859.0,55570.0,1691.0,988.0,2748.0,774.0,2748.0,994.0,825.0,250200.0,41.91,-87.75,0.0
312,609.0,31551.0,46974.0,1652.0,981.0,4827.0,1516.0,4827.0,1011.0,855.0,250300.0,41.91,-87.76,0.0
313,707.0,34564.0,46464.0,1411.0,1059.0,4438.0,1725.0,4438.0,1117.0,966.0,250400.0,41.91,-87.78,0.0
314,972.0,74347.0,88423.0,1921.0,739.0,7669.0,2797.0,7669.0,1117.0,781.0,250500.0,41.91,-87.8,0.0
315,402.0,45469.0,64202.0,1766.0,1011.0,4068.0,1308.0,4068.0,1087.0,921.0,250600.0,41.91,-87.77,0.0
316,693.0,31370.0,47458.0,1637.0,921.0,5194.0,2026.0,5194.0,1087.0,830.0,250700.0,41.91,-87.76,0.0
317,487.0,38462.0,46278.0,1399.0,957.0,2415.0,782.0,2415.0,988.0,825.0,250800.0,41.91,-87.75,0.0
318,153.0,37000.0,57890.0,1529.0,881.0,907.0,336.0,907.0,1030.0,825.0,251000.0,41.9,-87.74,0.0
319,506.0,21274.0,35407.0,1544.0,830.0,4085.0,1461.0,4103.0,1087.0,881.0,251100.0,41.9,-87.75,1.0
320,673.0,44428.0,56907.0,1432.0,1087.0,4351.0,1119.0,4351.0,1069.0,830.0,251200.0,41.9,-87.76,0.0
321,535.0,29255.0,47658.0,1482.0,1069.0,4414.0,1452.0,4446.0,1087.0,790.0,251300.0,41.9,-87.77,0.0
322,540.0,29518.0,43838.0,1578.0,790.0,4536.0,1712.0,4544.0,1087.0,816.0,251400.0,41.89,-87.77,1.0
323,581.0,21567.0,44937.0,1595.0,927.0,4186.0,1404.0,4194.0,1087.0,790.0,251500.0,41.89,-87.76,1.0
324,641.0,33189.0,49728.0,1806.0,978.0,4042.0,1013.0,4063.0,1030.0,830.0,251600.0,41.89,-87.75,0.0
325,225.0,31250.0,41981.0,1432.0,1030.0,1313.0,356.0,1321.0,978.0,828.0,251700.0,41.89,-87.74,0.0
326,1156.0,23295.0,39607.0,1670.0,952.0,5253.0,1629.0,5275.0,1030.0,835.0,251800.0,41.88,-87.75,0.0
327,866.0,20092.0,31673.0,1368.0,835.0,4862.0,1601.0,4862.0,987.0,816.0,251900.0,41.88,-87.76,1.0
328,915.0,21879.0,38136.0,1814.0,816.0,5555.0,2259.0,5738.0,1069.0,706.0,252000.0,41.88,-87.77,0.0
329,111.0,21339.0,40469.0,1807.0,706.0,1390.0,592.0,1390.0,987.0,790.0,252101.0,41.87,-87.77,0.0
330,1446.0,39243.0,49209.0,1347.0,987.0,6980.0,2058.0,6980.0,952.0,706.0,252102.0,41.88,-87.76,0.0
331,289.0,33295.0,40306.0,1441.0,937.0,2556.0,981.0,2927.0,1163.0,835.0,252201.0,41.88,-87.75,0.0
332,847.0,26826.0,33340.0,1771.0,854.0,4701.0,1547.0,4757.0,1163.0,836.0,252202.0,41.88,-87.74,0.0
333,180.0,15778.0,26916.0,1467.0,538.0,1249.0,543.0,1249.0,1064.0,695.0,260100.0,41.88,-87.72,0.0
334,144.0,33750.0,41118.0,1500.0,1064.0,1223.0,364.0,1223.0,998.0,538.0,260200.0,41.88,-87.73,0.0
335,278.0,30234.0,34839.0,1410.0,783.0,1560.0,540.0,1583.0,1163.0,538.0,260300.0,41.88,-87.73,0.0
336,149.0,18218.0,28898.0,1114.0,836.0,1292.0,397.0,1292.0,1163.0,783.0,260400.0,41.88,-87.74,0.0
337,284.0,29545.0,39842.0,1682.0,1163.0,1566.0,514.0,1587.0,1010.0,783.0,260500.0,41.88,-87.74,0.0
338,402.0,20882.0,31705.0,1483.0,998.0,1989.0,514.0,1989.0,1163.0,783.0,260600.0,41.88,-87.73,0.0
339,341.0,23367.0,32380.0,1560.0,954.0,1774.0,558.0,1774.0,1064.0,538.0,260700.0,41.88,-87.73,0.0
340,526.0,22083.0,46438.0,1495.0,995.0,2681.0,870.0,2681.0,1064.0,538.0,260800.0,41.88,-87.72,0.0
341,215.0,22000.0,33112.0,1375.0,742.0,1222.0,348.0,1379.0,1010.0,880.0,260900.0,41.87,-87.72,1.0
342,330.0,24688.0,37984.0,1286.0,1010.0,2398.0,687.0,2398.0,1163.0,742.0,261000.0,41.87,-87.73,0.0
343,225.0,16103.0,34699.0,1458.0,908.0,1690.0,617.0,1690.0,1096.0,695.0,270500.0,41.88,-87.72,0.0
344,136.0,26098.0,33065.0,1425.0,998.0,1126.0,360.0,1214.0,987.0,547.0,271200.0,41.88,-87.7,0.0
345,370.0,24878.0,60329.0,1520.0,823.0,1261.0,360.0,1261.0,1096.0,746.0,271300.0,41.88,-87.71,0.0
346,282.0,24271.0,42277.0,1250.0,909.0,1304.0,460.0,1353.0,1096.0,695.0,271400.0,41.88,-87.71,0.0
347,194.0,30729.0,41782.0,1813.0,1096.0,1483.0,453.0,1483.0,991.0,742.0,271500.0,41.87,-87.71,1.0
348,143.0,16477.0,22205.0,0.0,547.0,783.0,213.0,783.0,998.0,706.0,271800.0,41.87,-87.7,0.0
349,64.0,129148.0,167903.0,2417.0,2214.0,6567.0,4213.0,6567.0,2024.0,756.0,280100.0,41.89,-87.64,0.0
350,456.0,35275.0,48648.0,1813.0,1118.0,1605.0,589.0,1715.0,1432.0,473.0,280400.0,41.89,-87.67,1.0
351,194.0,21250.0,34334.0,1677.0,515.0,977.0,361.0,1008.0,1412.0,467.0,280800.0,41.88,-87.69,0.0
352,228.0,19485.0,48172.0,2207.0,489.0,1014.0,359.0,1014.0,1412.0,467.0,280900.0,41.88,-87.69,0.0
353,107.0,88708.0,115699.0,2267.0,1767.0,5662.0,3312.0,5719.0,2214.0,1442.0,281900.0,41.88,-87.64,0.0
354,393.0,67467.0,82311.0,1767.0,1412.0,2290.0,773.0,2290.0,1374.0,489.0,282700.0,41.87,-87.69,0.0
355,170.0,53438.0,86967.0,2333.0,1374.0,1642.0,648.0,1642.0,1412.0,467.0,282800.0,41.87,-87.68,0.0
356,262.0,42917.0,62121.0,2633.0,1429.0,3003.0,1169.0,3003.0,1608.0,567.0,283100.0,41.87,-87.66,0.0
357,150.0,78750.0,101946.0,2496.0,1608.0,1587.0,662.0,1587.0,1776.0,771.0,283200.0,41.87,-87.66,0.0
358,359.0,62548.0,79384.0,1970.0,1219.0,3850.0,1703.0,3855.0,1608.0,771.0,283800.0,41.86,-87.65,0.0
359,880.0,24071.0,36093.0,1415.0,748.0,4076.0,1226.0,4076.0,1010.0,742.0,290900.0,41.86,-87.73,1.0
360,599.0,24650.0,34621.0,1469.0,991.0,2661.0,819.0,2664.0,1196.0,954.0,291200.0,41.86,-87.71,0.0
361,151.0,48180.0,46366.0,2047.0,960.0,1057.0,357.0,1057.0,984.0,703.0,291600.0,41.86,-87.69,1.0
362,488.0,31902.0,41551.0,1619.0,998.0,2922.0,947.0,2922.0,1196.0,871.0,292200.0,41.86,-87.72,0.0
363,394.0,29018.0,50464.0,1540.0,1002.0,2416.0,646.0,2421.0,1055.0,793.0,292400.0,41.86,-87.72,0.0
364,513.0,40324.0,44680.0,1446.0,961.0,4070.0,1392.0,4070.0,1002.0,667.0,292500.0,41.86,-87.73,0.0
365,506.0,38047.0,43118.0,1587.0,793.0,2781.0,853.0,2781.0,1002.0,771.0,300500.0,41.85,-87.72,1.0
366,523.0,41286.0,49901.0,1612.0,871.0,2959.0,738.0,3064.0,1055.0,726.0,300600.0,41.85,-87.72,0.0
367,957.0,34153.0,39745.0,2064.0,816.0,4778.0,1323.0,4778.0,1196.0,726.0,300700.0,41.85,-87.71,0.0
368,1159.0,29844.0,34505.0,1804.0,791.0,4127.0,1103.0,4127.0,1196.0,658.0,300800.0,41.85,-87.71,1.0
369,919.0,27859.0,37698.0,1550.0,748.0,4367.0,1275.0,4382.0,1196.0,658.0,300900.0,41.85,-87.7,1.0
370,571.0,28135.0,40585.0,1659.0,703.0,2772.0,796.0,2772.0,791.0,658.0,301100.0,41.85,-87.7,1.0
371,674.0,26076.0,36939.0,2104.0,744.0,3420.0,1048.0,3435.0,960.0,703.0,301200.0,41.85,-87.69,1.0
372,1126.0,32375.0,43153.0,1246.0,726.0,5094.0,1298.0,5108.0,871.0,743.0,301600.0,41.84,-87.71,1.0
373,1026.0,31775.0,46773.0,1522.0,779.0,3989.0,1017.0,3994.0,871.0,726.0,301701.0,41.84,-87.72,0.0
374,841.0,40417.0,47213.0,1554.0,822.0,4476.0,1095.0,4476.0,871.0,726.0,301702.0,41.84,-87.72,0.0
375,769.0,35784.0,48990.0,1453.0,854.0,3835.0,1079.0,3840.0,961.0,667.0,301801.0,41.84,-87.74,0.0
376,660.0,32500.0,40633.0,1449.0,771.0,3341.0,864.0,3346.0,854.0,667.0,301802.0,41.85,-87.73,0.0
377,1055.0,35960.0,44483.0,1503.0,813.0,5506.0,1349.0,5506.0,854.0,667.0,301803.0,41.84,-87.73,0.0
378,166.0,57273.0,64813.0,2125.0,1252.0,1460.0,636.0,1465.0,1959.0,822.0,310200.0,41.86,-87.64,0.0
379,204.0,48542.0,63798.0,1929.0,983.0,1696.0,684.0,1696.0,1252.0,771.0,310300.0,41.86,-87.65,0.0
380,136.0,52379.0,70101.0,1917.0,878.0,1171.0,513.0,1171.0,1252.0,771.0,310400.0,41.86,-87.65,0.0
381,129.0,45781.0,56938.0,1427.0,868.0,1387.0,502.0,1387.0,1252.0,771.0,310500.0,41.86,-87.65,0.0
382,326.0,31991.0,49216.0,2620.0,771.0,4314.0,1951.0,4377.0,1219.0,830.0,310600.0,41.86,-87.66,1.0
383,160.0,43173.0,48950.0,1609.0,835.0,1432.0,505.0,1456.0,929.0,567.0,310700.0,41.86,-87.66,0.0
384,699.0,48243.0,56710.0,2395.0,830.0,4392.0,1514.0,4397.0,929.0,567.0,310800.0,41.86,-87.67,0.0
385,1116.0,36913.0,51630.0,1690.0,929.0,5466.0,1629.0,5466.0,969.0,567.0,310900.0,41.86,-87.67,1.0
386,136.0,116587.0,166732.0,3211.0,2134.0,12586.0,7967.0,12739.0,2291.0,1749.0,320100.0,41.89,-87.62,0.0
387,18.0,160833.0,269813.0,3474.0,2291.0,1097.0,660.0,3167.0,2134.0,1759.0,320400.0,41.88,-87.62,0.0
388,94.0,101311.0,124895.0,3060.0,1923.0,4672.0,2696.0,4672.0,2291.0,710.0,320600.0,41.87,-87.62,0.0
389,1351.0,97897.0,148590.0,2523.0,1759.0,18841.0,11012.0,19015.0,2291.0,710.0,330100.0,41.86,-87.62,1.0
390,455.0,78925.0,135320.0,2724.0,710.0,3727.0,1905.0,3727.0,2059.0,822.0,330200.0,41.87,-87.63,0.0
391,252.0,32321.0,54565.0,1819.0,647.0,1792.0,663.0,1792.0,894.0,282.0,340300.0,41.84,-87.64,0.0
392,232.0,34712.0,51466.0,1744.0,872.0,2145.0,641.0,2150.0,2094.0,282.0,340400.0,41.84,-87.63,0.0
393,91.0,25242.0,42393.0,1988.0,700.0,1638.0,820.0,1638.0,2094.0,282.0,340500.0,41.83,-87.63,0.0
394,228.0,11622.0,20985.0,0.0,284.0,995.0,413.0,995.0,2094.0,362.0,340600.0,41.83,-87.63,1.0
395,0.0,43548.0,46843.0,0.0,1110.0,2239.0,1503.0,2239.0,1478.0,339.0,350100.0,41.84,-87.61,0.0
396,539.0,10980.0,17379.0,0.0,282.0,1856.0,662.0,1856.0,2094.0,647.0,350400.0,41.84,-87.63,0.0
397,236.0,46850.0,55223.0,1941.0,1128.0,3776.0,2335.0,3776.0,1478.0,339.0,351000.0,41.84,-87.61,0.0
398,519.0,10825.0,19038.0,0.0,401.0,2102.0,878.0,2102.0,792.0,339.0,351100.0,41.83,-87.61,1.0
399,280.0,13149.0,36397.0,2317.0,362.0,1866.0,765.0,1939.0,2094.0,339.0,351400.0,41.83,-87.62,1.0
400,49.0,23700.0,46565.0,2094.0,1000.0,507.0,200.0,507.0,2094.0,284.0,351500.0,41.83,-87.63,1.0
401,482.0,23594.0,29931.0,1850.0,792.0,1583.0,663.0,1583.0,1128.0,401.0,360200.0,41.83,-87.61,0.0
402,258.0,19328.0,37481.0,1610.0,446.0,1927.0,1005.0,1932.0,1090.0,401.0,380100.0,41.82,-87.61,0.0
403,152.0,20536.0,33192.0,1224.0,681.0,1845.0,1170.0,1845.0,1090.0,401.0,380200.0,41.82,-87.61,0.0
404,200.0,19358.0,25800.0,0.0,875.0,800.0,305.0,800.0,1000.0,362.0,380500.0,41.82,-87.63,0.0
405,117.0,35833.0,43883.0,1604.0,834.0,1022.0,436.0,1243.0,1047.0,630.0,380700.0,41.81,-87.62,1.0
406,117.0,38370.0,64208.0,1788.0,785.0,1792.0,1033.0,1792.0,1090.0,798.0,381200.0,41.81,-87.61,0.0
407,301.0,38167.0,48394.0,2121.0,1026.0,1660.0,672.0,1660.0,1047.0,785.0,381400.0,41.81,-87.62,0.0
408,59.0,0.0,48931.0,0.0,1047.0,341.0,125.0,341.0,1026.0,745.0,381500.0,41.81,-87.62,0.0
409,0.0,0.0,0.0,0.0,0.0,0.0,0.0,0.0,1047.0,719.0,381700.0,41.81,-87.63,0.0
410,80.0,36375.0,52538.0,1764.0,1016.0,1003.0,537.0,1034.0,1047.0,785.0,381800.0,41.8,-87.62,1.0
411,122.0,39400.0,59726.0,1834.0,798.0,1282.0,542.0,1282.0,1040.0,785.0,381900.0,41.8,-87.61,0.0
412,223.0,74318.0,103569.0,2214.0,1080.0,1464.0,614.0,1464.0,1111.0,489.0,390100.0,41.81,-87.59,1.0
413,215.0,75375.0,103116.0,2380.0,1046.0,1713.0,845.0,1718.0,1111.0,489.0,390200.0,41.81,-87.6,0.0
414,414.0,21769.0,40739.0,2031.0,693.0,2687.0,1439.0,2830.0,1111.0,446.0,390300.0,41.81,-87.6,0.0
415,306.0,24848.0,60384.0,2815.0,811.0,2458.0,1435.0,2509.0,1280.0,693.0,390400.0,41.81,-87.6,0.0
416,161.0,44231.0,102880.0,3750.0,1111.0,1457.0,726.0,1462.0,1066.0,811.0,390500.0,41.81,-87.6,0.0
417,263.0,82159.0,128660.0,2227.0,1042.0,1822.0,835.0,1829.0,1159.0,994.0,390600.0,41.81,-87.59,0.0
418,210.0,53015.0,70344.0,1658.0,1341.0,5377.0,3287.0,5377.0,1080.0,972.0,390700.0,41.8,-87.58,0.0
419,365.0,29417.0,36494.0,1625.0,1082.0,1316.0,553.0,1347.0,1280.0,828.0,400300.0,41.79,-87.61,0.0
420,259.0,32310.0,42651.0,1321.0,998.0,1861.0,700.0,1886.0,1082.0,779.0,400400.0,41.79,-87.62,0.0
421,442.0,24907.0,30653.0,1344.0,878.0,1986.0,770.0,1986.0,1082.0,779.0,400500.0,41.79,-87.62,1.0
422,577.0,20959.0,29366.0,0.0,779.0,2847.0,1099.0,2847.0,1082.0,375.0,400800.0,41.78,-87.62,0.0
423,83.0,43723.0,58785.0,1922.0,1053.0,2009.0,1186.0,2025.0,1341.0,972.0,410100.0,41.8,-87.58,0.0
424,89.0,40029.0,67197.0,4000.0,1034.0,1313.0,659.0,1562.0,1159.0,972.0,410200.0,41.8,-87.59,0.0
425,195.0,47614.0,62141.0,1958.0,1280.0,2356.0,1177.0,2463.0,1159.0,811.0,410500.0,41.8,-87.6,1.0
426,200.0,33712.0,64489.0,2080.0,1066.0,2538.0,1078.0,2643.0,1280.0,980.0,410600.0,41.8,-87.6,0.0
427,122.0,38516.0,70246.0,2138.0,1159.0,1989.0,992.0,2015.0,1249.0,972.0,410700.0,41.8,-87.59,0.0
428,322.0,40469.0,56285.0,1760.0,972.0,2951.0,1637.0,2987.0,1249.0,1034.0,410800.0,41.8,-87.59,0.0
429,302.0,52788.0,72783.0,2093.0,1010.0,2973.0,1693.0,3078.0,1341.0,827.0,410900.0,41.8,-87.58,0.0
430,93.0,71268.0,121109.0,1775.0,1207.0,2809.0,1806.0,3128.0,1240.0,827.0,411000.0,41.79,-87.58,0.0
431,262.0,108750.0,159485.0,2681.0,1240.0,1861.0,836.0,2239.0,1249.0,914.0,411100.0,41.79,-87.59,0.0
432,213.0,84333.0,158266.0,3225.0,1249.0,1651.0,752.0,1681.0,1240.0,914.0,411200.0,41.79,-87.59,0.0
433,153.0,19855.0,36904.0,2284.0,827.0,1331.0,740.0,1331.0,1240.0,795.0,420100.0,41.78,-87.58,0.0
434,303.0,32303.0,46684.0,1481.0,973.0,1503.0,617.0,1688.0,1249.0,828.0,420200.0,41.78,-87.59,1.0
435,111.0,31849.0,63742.0,1903.0,914.0,1478.0,667.0,2625.0,1249.0,828.0,420300.0,41.78,-87.6,0.0
436,77.0,14389.0,32220.0,1186.0,828.0,1180.0,688.0,1180.0,1083.0,872.0,420400.0,41.78,-87.6,1.0
437,272.0,25781.0,35444.0,1463.0,872.0,1704.0,789.0,1704.0,1083.0,828.0,420500.0,41.78,-87.61,0.0
438,356.0,19801.0,28791.0,1880.0,843.0,2017.0,919.0,2017.0,1082.0,779.0,420600.0,41.78,-87.61,0.0
439,588.0,19042.0,32960.0,1280.0,1027.0,3264.0,1198.0,3269.0,1083.0,561.0,420700.0,41.78,-87.61,0.0
440,373.0,35476.0,46263.0,1646.0,1083.0,2072.0,796.0,2077.0,1073.0,561.0,420800.0,41.78,-87.6,1.0
441,295.0,21792.0,38743.0,1385.0,561.0,1497.0,539.0,1497.0,1083.0,873.0,421200.0,41.77,-87.61,1.0
442,421.0,32292.0,46690.0,1795.0,902.0,3431.0,1614.0,3431.0,1059.0,739.0,430101.0,41.77,-87.57,0.0
443,159.0,22725.0,34107.0,1530.0,739.0,2934.0,1821.0,2944.0,1205.0,740.0,430102.0,41.77,-87.56,0.0
444,815.0,22419.0,52922.0,2636.0,795.0,4846.0,2351.0,4866.0,963.0,740.0,430200.0,41.77,-87.58,0.0
445,649.0,15902.0,26673.0,1625.0,963.0,2387.0,890.0,2391.0,1073.0,791.0,430300.0,41.77,-87.59,0.0
446,643.0,15469.0,35673.0,1110.0,1033.0,2831.0,1059.0,2934.0,963.0,791.0,430400.0,41.76,-87.59,0.0
447,573.0,19129.0,32791.0,1616.0,791.0,3538.0,1576.0,3543.0,1033.0,795.0,430500.0,41.76,-87.58,0.0
448,246.0,23300.0,57635.0,2208.0,740.0,1720.0,696.0,1732.0,1205.0,739.0,430600.0,41.76,-87.57,1.0
449,247.0,19093.0,41644.0,1417.0,896.0,2300.0,1259.0,2562.0,1059.0,739.0,430700.0,41.77,-87.56,0.0
450,164.0,41875.0,51053.0,1789.0,1059.0,1549.0,705.0,1549.0,1205.0,740.0,430800.0,41.76,-87.57,0.0
451,145.0,34286.0,38164.0,1411.0,864.0,1353.0,642.0,1356.0,1059.0,740.0,430900.0,41.76,-87.58,1.0
452,334.0,43871.0,63061.0,1509.0,1205.0,2970.0,1100.0,2975.0,1059.0,740.0,431200.0,41.76,-87.57,0.0
453,426.0,20625.0,31880.0,1705.0,847.0,3250.0,1176.0,3319.0,1205.0,820.0,431301.0,41.75,-87.56,0.0
454,766.0,19756.0,37729.0,1851.0,820.0,4137.0,1619.0,4161.0,1205.0,739.0,431302.0,41.76,-87.56,0.0
455,668.0,21781.0,37570.0,1571.0,887.0,5887.0,3140.0,6406.0,896.0,709.0,431400.0,41.76,-87.55,0.0
456,634.0,21623.0,29094.0,1375.0,783.0,3982.0,1788.0,4020.0,953.0,765.0,440101.0,41.75,-87.6,1.0
457,509.0,25116.0,34149.0,1476.0,842.0,3431.0,1596.0,3431.0,898.0,765.0,440102.0,41.74,-87.6,0.0
458,640.0,32143.0,48108.0,1728.0,876.0,4805.0,2304.0,4805.0,1010.0,783.0,440201.0,41.75,-87.61,0.0
459,308.0,35242.0,48431.0,1667.0,786.0,3507.0,1636.0,3507.0,1010.0,783.0,440202.0,41.74,-87.61,0.0
460,457.0,55259.0,58038.0,1323.0,1010.0,4770.0,1990.0,4775.0,1391.0,786.0,440300.0,41.74,-87.62,0.0
461,243.0,59924.0,73866.0,1646.0,1391.0,1980.0,776.0,1980.0,1117.0,898.0,440600.0,41.73,-87.62,0.0
462,190.0,37500.0,52196.0,1431.0,898.0,1513.0,646.0,1513.0,1391.0,786.0,440700.0,41.73,-87.61,0.0
463,153.0,19833.0,27244.0,1201.0,835.0,1553.0,686.0,1553.0,1014.0,748.0,440800.0,41.73,-87.6,1.0
464,400.0,34050.0,48443.0,1250.0,922.0,2398.0,953.0,2403.0,1391.0,835.0,440900.0,41.73,-87.61,1.0
465,417.0,45156.0,59808.0,1531.0,960.0,3650.0,1361.0,3650.0,1076.0,765.0,450300.0,41.74,-87.58,0.0
466,650.0,31094.0,48531.0,1156.0,862.0,3130.0,1105.0,3133.0,988.0,640.0,460100.0,41.75,-87.54,0.0
467,369.0,27925.0,44902.0,1435.0,709.0,2670.0,835.0,2678.0,988.0,640.0,460200.0,41.74,-87.55,1.0
468,522.0,36182.0,43388.0,1253.0,988.0,2917.0,953.0,2917.0,926.0,640.0,460301.0,41.74,-87.56,0.0
469,579.0,23345.0,33783.0,1191.0,853.0,3462.0,1210.0,3468.0,988.0,709.0,460302.0,41.75,-87.56,0.0
470,504.0,39151.0,48853.0,1449.0,926.0,3451.0,1272.0,3458.0,1205.0,819.0,460400.0,41.74,-87.56,0.0
471,451.0,37168.0,49469.0,1492.0,826.0,4816.0,2209.0,4816.0,1205.0,866.0,460500.0,41.75,-87.57,1.0
472,149.0,36161.0,41235.0,1467.0,819.0,1035.0,355.0,1044.0,988.0,640.0,460600.0,41.74,-87.56,1.0
473,577.0,21306.0,34735.0,987.0,640.0,2751.0,883.0,2775.0,988.0,355.0,460700.0,41.74,-87.55,1.0
474,218.0,14385.0,25501.0,1313.0,355.0,1422.0,823.0,1533.0,819.0,640.0,461000.0,41.73,-87.55,1.0
475,238.0,24821.0,38338.0,1196.0,748.0,2254.0,965.0,2254.0,1049.0,835.0,470100.0,41.73,-87.6,0.0
476,168.0,64191.0,71395.0,1414.0,1076.0,2208.0,879.0,2208.0,1049.0,826.0,480100.0,41.74,-87.58,0.0
477,113.0,37381.0,48585.0,1595.0,1049.0,1143.0,516.0,1143.0,960.0,748.0,480200.0,41.74,-87.59,0.0
478,119.0,31953.0,61697.0,1488.0,927.0,1153.0,539.0,1159.0,1076.0,748.0,480300.0,41.73,-87.59,0.0
479,546.0,51520.0,69453.0,1496.0,866.0,5662.0,2220.0,5662.0,1076.0,787.0,480400.0,41.73,-87.58,0.0
480,355.0,39329.0,52629.0,1517.0,787.0,3016.0,1117.0,3016.0,1112.0,355.0,480500.0,41.73,-87.56,0.0
481,511.0,52500.0,60876.0,1484.0,1117.0,2430.0,868.0,2430.0,1587.0,922.0,490300.0,41.73,-87.62,0.0
482,36.0,49881.0,58207.0,1536.0,1014.0,839.0,360.0,839.0,1391.0,835.0,490400.0,41.72,-87.61,0.0
483,342.0,52464.0,66272.0,1615.0,1137.0,1898.0,729.0,2084.0,1587.0,916.0,490500.0,41.72,-87.61,0.0
484,199.0,37127.0,49831.0,1352.0,1587.0,1553.0,550.0,1558.0,1273.0,916.0,490600.0,41.72,-87.63,1.0
485,591.0,37245.0,53916.0,1206.0,1273.0,2834.0,877.0,2834.0,1587.0,916.0,490700.0,41.71,-87.63,0.0
486,643.0,34723.0,56673.0,1338.0,916.0,4110.0,1433.0,4110.0,1587.0,829.0,490800.0,41.71,-87.62,0.0
487,494.0,39750.0,57047.0,1292.0,829.0,3744.0,1420.0,3768.0,1110.0,657.0,490901.0,41.7,-87.62,0.0
488,776.0,42481.0,52120.0,1499.0,933.0,4999.0,1949.0,4999.0,1273.0,829.0,490902.0,41.7,-87.62,0.0
489,1107.0,28472.0,38317.0,1411.0,1086.0,4579.0,1171.0,4584.0,1273.0,829.0,491000.0,41.7,-87.63,0.0
490,572.0,43382.0,73776.0,1164.0,1233.0,4230.0,1440.0,4488.0,1273.0,939.0,491100.0,41.7,-87.64,0.0
491,309.0,42400.0,59611.0,1530.0,1181.0,2097.0,694.0,2097.0,1233.0,830.0,491200.0,41.69,-87.64,0.0
492,418.0,25912.0,41324.0,1119.0,1110.0,2393.0,634.0,2465.0,1181.0,657.0,491300.0,41.69,-87.63,0.0
493,469.0,28774.0,36701.0,2038.0,929.0,3191.0,1130.0,3221.0,1110.0,657.0,491400.0,41.69,-87.62,0.0
494,280.0,41570.0,45452.0,1287.0,929.0,3083.0,1564.0,3083.0,1137.0,748.0,500100.0,41.71,-87.6,0.0
495,285.0,34038.0,45989.0,1589.0,900.0,2113.0,790.0,2113.0,933.0,829.0,500200.0,41.7,-87.6,1.0
496,106.0,41587.0,56795.0,1105.0,842.0,1417.0,729.0,1417.0,933.0,445.0,500300.0,41.69,-87.61,1.0
497,527.0,42632.0,50064.0,1274.0,763.0,2963.0,998.0,3027.0,1112.0,355.0,510100.0,41.71,-87.55,1.0
498,333.0,43289.0,49583.0,1087.0,1112.0,2796.0,1038.0,2801.0,1060.0,355.0,510200.0,41.71,-87.56,0.0
499,745.0,30625.0,42576.0,1119.0,1060.0,5241.0,1872.0,5260.0,1112.0,787.0,510300.0,41.72,-87.57,0.0
500,420.0,35365.0,47844.0,1153.0,696.0,2014.0,533.0,2019.0,927.0,355.0,520100.0,41.72,-87.53,1.0
501,939.0,36228.0,43612.0,1145.0,770.0,3567.0,991.0,3572.0,1112.0,355.0,520200.0,41.71,-87.54,1.0
502,1438.0,41465.0,54767.0,1293.0,824.0,6058.0,1703.0,6058.0,1005.0,696.0,520300.0,41.7,-87.54,1.0
503,710.0,42227.0,60110.0,1447.0,927.0,4186.0,1255.0,4186.0,1005.0,696.0,520400.0,41.7,-87.53,0.0
504,882.0,62203.0,75838.0,1485.0,1005.0,5112.0,1560.0,5112.0,976.0,696.0,520500.0,41.69,-87.53,0.0
505,597.0,42764.0,51211.0,1250.0,976.0,2824.0,801.0,2824.0,1005.0,763.0,520600.0,41.69,-87.54,0.0
506,377.0,34667.0,39098.0,1406.0,657.0,2247.0,760.0,2252.0,1110.0,829.0,530100.0,41.68,-87.62,1.0
507,711.0,29539.0,44531.0,1240.0,1048.0,4296.0,1308.0,4296.0,1471.0,657.0,530200.0,41.68,-87.63,0.0
508,741.0,39816.0,56221.0,1347.0,945.0,4607.0,1529.0,4607.0,1181.0,739.0,530300.0,41.68,-87.65,0.0
509,196.0,48036.0,64081.0,1202.0,989.0,1973.0,721.0,1973.0,1181.0,800.0,530400.0,41.67,-87.65,0.0
510,848.0,42422.0,55295.0,1398.0,830.0,4641.0,1570.0,4704.0,1471.0,1048.0,530501.0,41.67,-87.63,0.0
511,120.0,41696.0,48821.0,1222.0,1471.0,1419.0,510.0,1419.0,1165.0,445.0,530502.0,41.67,-87.63,0.0
512,1160.0,35074.0,51455.0,1226.0,1165.0,5846.0,1790.0,5846.0,1471.0,800.0,530503.0,41.66,-87.64,0.0
513,372.0,32674.0,41997.0,1317.0,1057.0,2636.0,945.0,2636.0,1471.0,445.0,530600.0,41.67,-87.62,0.0
514,1023.0,12660.0,24453.0,1172.0,379.0,3833.0,1278.0,3881.0,1471.0,445.0,540101.0,41.65,-87.6,0.0
515,701.0,14439.0,29762.0,893.0,445.0,3513.0,1150.0,3513.0,1471.0,379.0,540102.0,41.67,-87.61,0.0
516,786.0,56445.0,67263.0,1294.0,826.0,6506.0,2449.0,6523.0,1052.0,376.0,550100.0,41.66,-87.54,0.0
517,386.0,52841.0,71594.0,1378.0,1052.0,2861.0,1050.0,2861.0,1005.0,376.0,550200.0,41.66,-87.56,0.0
518,207.0,60781.0,63664.0,1449.0,896.0,1356.0,331.0,1605.0,1355.0,694.0,560100.0,41.82,-87.74,0.0
519,129.0,48333.0,52593.0,1306.0,990.0,1724.0,600.0,1724.0,1355.0,694.0,560200.0,41.81,-87.75,0.0
520,533.0,52313.0,67328.0,1446.0,1355.0,3283.0,959.0,3283.0,1225.0,764.0,560300.0,41.8,-87.75,0.0
521,314.0,52969.0,59025.0,1468.0,1225.0,1727.0,456.0,1727.0,1355.0,764.0,560400.0,41.8,-87.74,0.0
522,826.0,54440.0,67354.0,1774.0,903.0,3721.0,1153.0,3726.0,1355.0,764.0,560700.0,41.8,-87.76,0.0
523,955.0,66643.0,81569.0,1675.0,1024.0,6219.0,2140.0,6219.0,1167.0,903.0,560800.0,41.8,-87.77,0.0
524,578.0,84652.0,102505.0,1747.0,1167.0,5258.0,1902.0,5263.0,1024.0,884.0,560900.0,41.8,-87.79,0.0
525,804.0,84863.0,98576.0,1747.0,927.0,5541.0,2135.0,5541.0,1167.0,884.0,561000.0,41.79,-87.79,0.0
526,751.0,81763.0,87996.0,1762.0,917.0,5531.0,1877.0,5531.0,1024.0,884.0,561100.0,41.79,-87.77,0.0
527,261.0,54792.0,65510.0,1561.0,877.0,1294.0,385.0,1294.0,924.0,694.0,570100.0,41.82,-87.72,0.0
528,241.0,49107.0,68375.0,1663.0,694.0,1978.0,591.0,1978.0,1225.0,877.0,570200.0,41.81,-87.73,1.0
529,1343.0,47500.0,57403.0,1570.0,924.0,5768.0,1668.0,5773.0,1225.0,694.0,570300.0,41.8,-87.73,0.0
530,244.0,42986.0,54771.0,1575.0,901.0,1727.0,525.0,1732.0,960.0,793.0,570400.0,41.8,-87.72,0.0
531,499.0,41875.0,52545.0,1523.0,915.0,2392.0,731.0,2392.0,1225.0,764.0,570500.0,41.8,-87.73,0.0
532,596.0,39688.0,49101.0,1542.0,942.0,2880.0,875.0,2885.0,927.0,792.0,580100.0,41.83,-87.69,0.0
533,755.0,45179.0,49925.0,1767.0,853.0,3534.0,888.0,3534.0,942.0,767.0,580200.0,41.83,-87.7,0.0
534,456.0,45853.0,51701.0,1605.0,784.0,2502.0,687.0,2502.0,877.0,809.0,580300.0,41.83,-87.71,0.0
535,1166.0,37462.0,51535.0,1663.0,812.0,4551.0,1486.0,4551.0,901.0,784.0,580400.0,41.82,-87.71,1.0
536,985.0,39087.0,50464.0,1607.0,839.0,4876.0,1379.0,4881.0,942.0,784.0,580501.0,41.82,-87.7,0.0
537,851.0,40191.0,67860.0,1617.0,809.0,5223.0,1367.0,5264.0,896.0,792.0,580502.0,41.81,-87.7,0.0
538,1115.0,42360.0,62937.0,1722.0,792.0,5292.0,1405.0,5297.0,942.0,809.0,580600.0,41.82,-87.69,1.0
539,1317.0,43553.0,53071.0,1556.0,830.0,6356.0,1639.0,6356.0,942.0,713.0,580700.0,41.82,-87.69,0.0
540,329.0,40238.0,45525.0,1577.0,848.0,2123.0,550.0,2123.0,896.0,670.0,580800.0,41.81,-87.69,0.0
541,252.0,55667.0,64139.0,1973.0,925.0,1772.0,668.0,1791.0,942.0,713.0,590500.0,41.82,-87.68,0.0
542,562.0,39005.0,52851.0,1683.0,858.0,3415.0,1140.0,3415.0,927.0,713.0,590600.0,41.83,-87.67,0.0
543,719.0,42792.0,55990.0,1739.0,905.0,3371.0,977.0,3379.0,951.0,771.0,590700.0,41.83,-87.66,0.0
544,502.0,32500.0,55862.0,1798.0,894.0,4602.0,1610.0,4602.0,985.0,647.0,600400.0,41.84,-87.64,0.0
545,571.0,34069.0,46152.0,1763.0,848.0,2992.0,998.0,2992.0,1022.0,870.0,600600.0,41.84,-87.66,1.0
546,147.0,32301.0,54641.0,2068.0,1022.0,2576.0,1078.0,2576.0,944.0,771.0,600700.0,41.84,-87.66,1.0
547,325.0,51607.0,60702.0,1463.0,885.0,3592.0,1382.0,3605.0,1022.0,848.0,600900.0,41.84,-87.65,0.0
548,1264.0,35325.0,42498.0,1510.0,713.0,5875.0,1569.0,5875.0,925.0,720.0,610300.0,41.82,-87.68,1.0
549,591.0,26580.0,31403.0,1348.0,744.0,2135.0,581.0,2135.0,747.0,689.0,610400.0,41.81,-87.67,0.0
550,245.0,44353.0,73134.0,1843.0,921.0,1595.0,545.0,1595.0,1182.0,419.0,610800.0,41.81,-87.64,0.0
551,175.0,20813.0,23033.0,1788.0,803.0,918.0,296.0,918.0,1182.0,689.0,611000.0,41.8,-87.65,1.0
552,327.0,24972.0,33062.0,1326.0,689.0,2307.0,745.0,2307.0,877.0,714.0,611100.0,41.81,-87.66,1.0
553,391.0,27697.0,31177.0,883.0,724.0,2430.0,708.0,2545.0,897.0,689.0,611200.0,41.8,-87.66,1.0
554,448.0,26786.0,34974.0,1303.0,714.0,2466.0,824.0,2481.0,897.0,689.0,611300.0,41.8,-87.67,1.0
555,817.0,35016.0,36690.0,1578.0,720.0,3286.0,924.0,3298.0,897.0,697.0,611400.0,41.8,-87.67,1.0
556,529.0,28333.0,41173.0,1228.0,747.0,3019.0,928.0,3197.0,848.0,670.0,611500.0,41.81,-87.68,1.0
557,245.0,36014.0,39026.0,879.0,697.0,1509.0,484.0,1509.0,897.0,670.0,611600.0,41.8,-87.68,1.0
558,257.0,25074.0,35159.0,1174.0,810.0,1490.0,501.0,1490.0,897.0,697.0,611700.0,41.8,-87.67,0.0
559,455.0,31138.0,40386.0,1398.0,897.0,2316.0,621.0,2316.0,857.0,714.0,611800.0,41.8,-87.67,0.0
560,367.0,25231.0,39383.0,1111.0,775.0,1798.0,531.0,1798.0,929.0,689.0,611900.0,41.8,-87.66,0.0
561,233.0,27212.0,40827.0,1351.0,877.0,1305.0,432.0,1355.0,922.0,689.0,612000.0,41.8,-87.65,0.0
562,122.0,23438.0,35981.0,1274.0,874.0,1013.0,375.0,1013.0,1182.0,775.0,612100.0,41.8,-87.65,0.0
563,922.0,51296.0,67255.0,1511.0,793.0,4782.0,1204.0,4782.0,1008.0,806.0,620100.0,41.8,-87.72,0.0
564,259.0,53214.0,67515.0,1534.0,960.0,2286.0,732.0,2286.0,1133.0,793.0,620200.0,41.8,-87.73,0.0
565,1756.0,54299.0,68297.0,1509.0,1133.0,7700.0,1993.0,7706.0,1104.0,876.0,620300.0,41.79,-87.73,0.0
566,1022.0,52000.0,66014.0,1620.0,1008.0,4431.0,1208.0,4436.0,1133.0,780.0,620400.0,41.79,-87.72,0.0
567,123.0,31016.0,44155.0,1412.0,670.0,841.0,277.0,841.0,930.0,697.0,630100.0,41.8,-87.68,1.0
568,421.0,35625.0,46897.0,1424.0,776.0,2089.0,576.0,2089.0,896.0,670.0,630200.0,41.8,-87.69,1.0
569,1419.0,50051.0,57076.0,1535.0,890.0,5614.0,1235.0,5614.0,1008.0,785.0,630300.0,41.8,-87.71,0.0
570,1529.0,34486.0,47341.0,1635.0,829.0,7317.0,1747.0,7317.0,896.0,776.0,630400.0,41.8,-87.7,1.0
571,1392.0,44063.0,58886.0,1356.0,847.0,6454.0,1505.0,6464.0,930.0,670.0,630500.0,41.8,-87.69,0.0
572,1350.0,42855.0,51334.0,1480.0,785.0,7616.0,1753.0,7616.0,874.0,778.0,630800.0,41.79,-87.7,0.0
573,1072.0,45880.0,53195.0,1443.0,806.0,5099.0,1231.0,5123.0,1008.0,780.0,630900.0,41.79,-87.71,0.0
574,119.0,57045.0,77321.0,1616.0,1104.0,1600.0,464.0,1600.0,1206.0,764.0,640100.0,41.78,-87.74,0.0
575,902.0,69600.0,76701.0,1613.0,989.0,6949.0,2344.0,6954.0,1206.0,884.0,640300.0,41.78,-87.77,0.0
576,776.0,78730.0,92299.0,1607.0,884.0,3874.0,1205.0,3874.0,1167.0,905.0,640400.0,41.78,-87.79,0.0
577,557.0,80125.0,86398.0,1760.0,943.0,3774.0,1434.0,3779.0,1167.0,884.0,640500.0,41.78,-87.79,0.0
578,730.0,42274.0,52240.0,1550.0,905.0,4246.0,1677.0,4246.0,1206.0,884.0,640600.0,41.78,-87.77,0.0
579,647.0,49938.0,58122.0,1348.0,1206.0,3644.0,1100.0,3644.0,1104.0,764.0,640700.0,41.78,-87.75,0.0
580,246.0,54722.0,64173.0,1621.0,882.0,1794.0,536.0,1794.0,1206.0,897.0,640800.0,41.77,-87.74,0.0
581,870.0,41250.0,50930.0,1256.0,876.0,4273.0,1206.0,4278.0,1008.0,780.0,650100.0,41.78,-87.72,1.0
582,1353.0,48851.0,63625.0,1643.0,897.0,7558.0,2057.0,7558.0,1139.0,876.0,650200.0,41.78,-87.73,0.0
583,1305.0,57245.0,75349.0,1691.0,1139.0,5562.0,1539.0,5568.0,1104.0,876.0,650301.0,41.77,-87.73,0.0
584,885.0,47477.0,78512.0,1520.0,985.0,4216.0,1089.0,4216.0,1139.0,780.0,650302.0,41.78,-87.72,0.0
585,1691.0,49135.0,57420.0,1420.0,1062.0,6974.0,1729.0,6979.0,1139.0,780.0,650400.0,41.77,-87.72,0.0
586,947.0,60459.0,62653.0,1461.0,983.0,4509.0,1368.0,4509.0,1139.0,882.0,650500.0,41.76,-87.73,0.0
587,317.0,22057.0,28585.0,1396.0,778.0,1537.0,571.0,1537.0,874.0,780.0,660301.0,41.78,-87.7,0.0
588,863.0,31994.0,41642.0,1425.0,874.0,5250.0,1455.0,5250.0,866.0,778.0,660302.0,41.78,-87.7,0.0
589,1446.0,45550.0,62721.0,1518.0,780.0,6319.0,1447.0,6319.0,876.0,778.0,660400.0,41.78,-87.71,1.0
590,1235.0,40000.0,46491.0,1473.0,780.0,5075.0,1310.0,5075.0,985.0,778.0,660500.0,41.78,-87.71,1.0
591,730.0,27426.0,39628.0,1227.0,826.0,5883.0,2014.0,5883.0,961.0,778.0,660600.0,41.78,-87.69,1.0
592,241.0,27344.0,37453.0,1138.0,882.0,1881.0,618.0,2041.0,1007.0,826.0,660700.0,41.77,-87.68,1.0
593,848.0,37690.0,42233.0,1525.0,866.0,5109.0,1642.0,5109.0,961.0,778.0,660800.0,41.77,-87.69,0.0
594,808.0,29125.0,41971.0,1475.0,961.0,4543.0,1354.0,4647.0,1064.0,778.0,660900.0,41.77,-87.7,0.0
595,751.0,32374.0,41677.0,1376.0,901.0,5114.0,1828.0,5114.0,1145.0,866.0,661000.0,41.76,-87.69,0.0
596,1089.0,46050.0,54152.0,1343.0,1064.0,6544.0,1883.0,6544.0,1062.0,780.0,661100.0,41.76,-87.7,0.0
597,124.0,35000.0,46319.0,967.0,778.0,1069.0,382.0,1069.0,950.0,775.0,670100.0,41.79,-87.66,0.0
598,152.0,22625.0,51033.0,1077.0,929.0,953.0,343.0,953.0,950.0,775.0,670200.0,41.79,-87.66,0.0
599,99.0,21230.0,31629.0,1392.0,850.0,975.0,405.0,1034.0,929.0,728.0,670300.0,41.79,-87.67,0.0
600,285.0,26289.0,50151.0,1425.0,857.0,1680.0,515.0,1680.0,897.0,728.0,670400.0,41.79,-87.67,0.0
601,187.0,26087.0,34213.0,1386.0,885.0,1143.0,358.0,1143.0,930.0,728.0,670500.0,41.79,-87.68,0.0
602,138.0,14848.0,32244.0,1174.0,728.0,1056.0,373.0,1068.0,1039.0,834.0,670600.0,41.78,-87.67,1.0
603,162.0,36058.0,40805.0,1310.0,865.0,1133.0,386.0,1140.0,1039.0,728.0,670700.0,41.78,-87.67,0.0
604,235.0,22083.0,35503.0,1290.0,779.0,1333.0,518.0,1333.0,1039.0,778.0,670800.0,41.78,-87.66,0.0
605,280.0,35592.0,42336.0,1025.0,950.0,1717.0,491.0,1717.0,929.0,778.0,670900.0,41.78,-87.66,0.0
606,223.0,30577.0,34026.0,0.0,915.0,1088.0,318.0,1088.0,1039.0,685.0,671100.0,41.78,-87.66,0.0
607,171.0,20909.0,48236.0,975.0,1039.0,988.0,308.0,988.0,915.0,728.0,671200.0,41.78,-87.67,0.0
608,308.0,31429.0,39737.0,1321.0,834.0,2075.0,606.0,2078.0,1039.0,728.0,671300.0,41.77,-87.67,1.0
609,163.0,24306.0,40449.0,1159.0,1007.0,1390.0,458.0,1390.0,1039.0,728.0,671400.0,41.77,-87.68,0.0
610,418.0,28403.0,35573.0,1261.0,973.0,2688.0,862.0,2700.0,1145.0,740.0,671500.0,41.77,-87.67,0.0
611,120.0,23203.0,31874.0,1283.0,740.0,1806.0,719.0,1917.0,1273.0,685.0,671600.0,41.77,-87.66,1.0
612,159.0,35962.0,66404.0,1132.0,1273.0,1292.0,340.0,1292.0,1052.0,740.0,671800.0,41.76,-87.66,0.0
613,166.0,48095.0,51562.0,1048.0,1052.0,1241.0,328.0,1241.0,1273.0,740.0,671900.0,41.76,-87.66,0.0
614,506.0,39191.0,50413.0,1310.0,1145.0,4221.0,1179.0,4239.0,1052.0,740.0,672000.0,41.76,-87.67,0.0
615,275.0,23354.0,36993.0,1235.0,922.0,1375.0,408.0,1375.0,950.0,778.0,680500.0,41.79,-87.65,0.0
616,279.0,24464.0,30685.0,1822.0,830.0,1594.0,389.0,1594.0,950.0,729.0,680600.0,41.78,-87.65,0.0
617,463.0,15612.0,22545.0,1695.0,556.0,3100.0,1540.0,3143.0,1019.0,696.0,680900.0,41.78,-87.64,0.0
618,195.0,15201.0,34846.0,1205.0,767.0,2458.0,1198.0,2458.0,1019.0,556.0,681000.0,41.78,-87.65,0.0
619,360.0,15806.0,27706.0,1605.0,1019.0,3078.0,958.0,3097.0,1273.0,685.0,681100.0,41.77,-87.65,0.0
620,681.0,23302.0,34031.0,1177.0,886.0,2664.0,834.0,2664.0,1019.0,556.0,681200.0,41.77,-87.64,0.0
621,390.0,25735.0,30907.0,1174.0,838.0,2319.0,746.0,2325.0,1019.0,708.0,681300.0,41.76,-87.64,1.0
622,516.0,30357.0,35607.0,1048.0,916.0,2570.0,914.0,2570.0,1273.0,708.0,681400.0,41.76,-87.65,0.0
623,525.0,19904.0,33335.0,1603.0,696.0,1981.0,748.0,2393.0,887.0,375.0,690300.0,41.77,-87.63,1.0
624,202.0,22078.0,37379.0,1287.0,887.0,3234.0,1403.0,3253.0,1027.0,375.0,690400.0,41.77,-87.62,0.0
625,95.0,31923.0,42863.0,1969.0,892.0,736.0,326.0,736.0,1083.0,561.0,690500.0,41.77,-87.61,0.0
626,405.0,30071.0,42307.0,1469.0,873.0,4305.0,1670.0,4305.0,953.0,561.0,690900.0,41.76,-87.61,0.0
627,331.0,49297.0,59532.0,1517.0,876.0,2439.0,1054.0,2444.0,892.0,696.0,691000.0,41.76,-87.62,0.0
628,545.0,19125.0,35219.0,1254.0,877.0,3242.0,1132.0,3304.0,967.0,696.0,691100.0,41.76,-87.63,0.0
629,623.0,29405.0,39755.0,1356.0,967.0,3021.0,1063.0,3027.0,1139.0,708.0,691200.0,41.75,-87.63,0.0
630,326.0,40658.0,52671.0,1223.0,859.0,2721.0,964.0,2721.0,1010.0,873.0,691300.0,41.75,-87.62,0.0
631,318.0,28813.0,38955.0,1373.0,953.0,2807.0,1248.0,2807.0,876.0,783.0,691400.0,41.75,-87.61,0.0
632,214.0,20027.0,35737.0,1596.0,825.0,1981.0,781.0,2013.0,1033.0,783.0,691500.0,41.76,-87.6,1.0
633,608.0,61925.0,74508.0,1442.0,997.0,3479.0,1037.0,3479.0,1084.0,860.0,700100.0,41.75,-87.7,0.0
634,1260.0,56779.0,69197.0,1415.0,982.0,6708.0,1849.0,6708.0,1128.0,983.0,700200.0,41.75,-87.72,0.0
635,1345.0,64118.0,74617.0,1502.0,1083.0,6587.0,1724.0,6592.0,1128.0,982.0,700301.0,41.75,-87.73,0.0
636,925.0,67776.0,80020.0,1736.0,1128.0,5469.0,1713.0,5469.0,1083.0,982.0,700302.0,41.74,-87.73,0.0
637,1298.0,64776.0,71597.0,1536.0,1071.0,6296.0,1857.0,6301.0,1083.0,982.0,700401.0,41.75,-87.71,0.0
638,758.0,61369.0,75910.0,1428.0,0.0,4337.0,1293.0,4337.0,1128.0,982.0,700402.0,41.74,-87.71,0.0
639,1186.0,66619.0,78472.0,1579.0,1084.0,7111.0,2455.0,7469.0,1064.0,860.0,700501.0,41.75,-87.69,0.0
640,522.0,80625.0,95690.0,1653.0,860.0,3243.0,1054.0,3437.0,1084.0,821.0,700502.0,41.74,-87.69,0.0
641,229.0,15524.0,28992.0,1450.0,708.0,1188.0,471.0,1188.0,967.0,755.0,710100.0,41.75,-87.64,1.0
642,827.0,26934.0,36016.0,1168.0,908.0,4925.0,1812.0,4925.0,1273.0,705.0,710200.0,41.76,-87.65,0.0
643,244.0,33281.0,38729.0,1544.0,956.0,1444.0,534.0,1444.0,1273.0,705.0,710300.0,41.75,-87.66,0.0
644,897.0,35581.0,54074.0,1271.0,928.0,5458.0,1826.0,5458.0,1145.0,821.0,710400.0,41.75,-87.67,0.0
645,532.0,30793.0,45175.0,1210.0,881.0,4222.0,1540.0,4268.0,1145.0,705.0,710500.0,41.75,-87.67,1.0
646,351.0,26696.0,38711.0,1446.0,842.0,1934.0,665.0,1934.0,956.0,705.0,710600.0,41.75,-87.66,1.0
647,441.0,23026.0,40894.0,1396.0,705.0,2935.0,1344.0,2941.0,956.0,755.0,710700.0,41.75,-87.66,1.0
648,256.0,27367.0,45899.0,1401.0,799.0,4713.0,1946.0,4719.0,908.0,705.0,710800.0,41.75,-87.65,1.0
649,424.0,23929.0,37002.0,1464.0,755.0,2153.0,816.0,2153.0,1457.0,708.0,710900.0,41.74,-87.64,0.0
650,308.0,33664.0,40427.0,1583.0,793.0,3098.0,1046.0,3098.0,1457.0,705.0,711000.0,41.74,-87.65,1.0
651,353.0,37377.0,65191.0,1404.0,755.0,2283.0,946.0,2283.0,947.0,705.0,711100.0,41.74,-87.66,0.0
652,735.0,42667.0,59994.0,1333.0,821.0,4986.0,1956.0,4986.0,1024.0,755.0,711200.0,41.74,-87.67,0.0
653,239.0,36307.0,51029.0,1487.0,947.0,1728.0,571.0,1780.0,1024.0,755.0,711300.0,41.73,-87.67,0.0
654,366.0,37434.0,41529.0,1354.0,792.0,2419.0,829.0,2424.0,1457.0,755.0,711400.0,41.73,-87.65,1.0
655,343.0,39188.0,49691.0,1251.0,1457.0,2677.0,809.0,2677.0,1254.0,755.0,711500.0,41.73,-87.64,0.0
656,535.0,133636.0,160572.0,2307.0,1024.0,3376.0,1192.0,3381.0,969.0,783.0,720100.0,41.73,-87.67,0.0
657,547.0,63295.0,89210.0,1845.0,850.0,4031.0,1651.0,4043.0,1257.0,654.0,720200.0,41.71,-87.67,0.0
658,773.0,125625.0,134561.0,2349.0,0.0,4203.0,1320.0,4208.0,1070.0,654.0,720300.0,41.71,-87.68,0.0
659,264.0,95481.0,113843.0,1792.0,696.0,1948.0,665.0,1953.0,1268.0,654.0,720400.0,41.71,-87.69,0.0
660,456.0,115417.0,127453.0,1869.0,1070.0,2199.0,791.0,2199.0,1268.0,654.0,720500.0,41.7,-87.69,0.0
661,266.0,109390.0,143227.0,2353.0,654.0,1758.0,618.0,1758.0,1070.0,696.0,720600.0,41.7,-87.68,0.0
662,439.0,61438.0,89984.0,2123.0,880.0,3280.0,1436.0,3280.0,1233.0,654.0,720700.0,41.7,-87.67,0.0
663,333.0,50385.0,62063.0,1361.0,980.0,2567.0,888.0,2567.0,1587.0,939.0,730100.0,41.73,-87.64,0.0
664,539.0,26706.0,41616.0,1308.0,783.0,5714.0,2326.0,5719.0,1257.0,755.0,730201.0,41.73,-87.66,0.0
665,505.0,48564.0,60652.0,1417.0,1254.0,3239.0,1092.0,3439.0,1457.0,783.0,730202.0,41.73,-87.65,0.0
666,149.0,43897.0,56225.0,1541.0,969.0,1126.0,419.0,1126.0,1024.0,755.0,730300.0,41.73,-87.66,0.0
667,531.0,60481.0,74572.0,1550.0,1257.0,4112.0,1317.0,4129.0,1254.0,783.0,730400.0,41.72,-87.65,0.0
668,840.0,57820.0,70004.0,1184.0,939.0,4502.0,1550.0,4507.0,1587.0,817.0,730500.0,41.71,-87.64,0.0
669,497.0,41307.0,54420.0,1487.0,817.0,3621.0,1262.0,3621.0,1257.0,739.0,730600.0,41.71,-87.65,0.0
670,334.0,49688.0,59427.0,1526.0,1233.0,2345.0,716.0,2345.0,1257.0,739.0,730700.0,41.7,-87.65,0.0
671,367.0,89984.0,100557.0,1724.0,1268.0,3128.0,1151.0,3128.0,1234.0,696.0,740100.0,41.7,-87.7,0.0
672,882.0,97450.0,100946.0,1817.0,1139.0,5788.0,1902.0,6523.0,1268.0,696.0,740200.0,41.7,-87.71,0.0
673,817.0,110268.0,117234.0,1870.0,1234.0,4950.0,1724.0,4957.0,1268.0,906.0,740300.0,41.7,-87.71,0.0
674,719.0,82128.0,91932.0,1740.0,1051.0,4664.0,1818.0,4669.0,1268.0,906.0,740400.0,41.69,-87.72,0.0
675,433.0,38859.0,55414.0,1414.0,739.0,4014.0,1424.0,4014.0,1233.0,817.0,750100.0,41.7,-87.65,1.0
676,395.0,66326.0,111362.0,1719.0,995.0,2859.0,1219.0,2868.0,1168.0,654.0,750200.0,41.7,-87.67,0.0
677,444.0,85888.0,105208.0,1916.0,996.0,2452.0,937.0,2452.0,1268.0,654.0,750300.0,41.7,-87.69,0.0
678,517.0,93188.0,98632.0,1828.0,897.0,3212.0,1195.0,3212.0,1268.0,906.0,750400.0,41.69,-87.69,0.0
679,1166.0,55485.0,65649.0,1632.0,1168.0,6066.0,2087.0,6403.0,1137.0,654.0,750500.0,41.68,-87.67,0.0
680,651.0,34470.0,51966.0,1222.0,1137.0,3421.0,1208.0,3426.0,1233.0,739.0,750600.0,41.69,-87.65,0.0
681,296.0,55500.0,61587.0,1137.0,1128.0,4020.0,2124.0,4020.0,1643.0,967.0,760801.0,41.98,-87.84,0.0
682,288.0,51595.0,67952.0,1824.0,1075.0,2540.0,1119.0,2540.0,1128.0,981.0,760802.0,41.96,-87.84,0.0
683,556.0,41545.0,47626.0,1348.0,1005.0,5569.0,2772.0,5579.0,1643.0,967.0,760803.0,41.98,-87.84,0.0
684,795.0,59274.0,71529.0,2154.0,946.0,5154.0,1606.0,5285.0,1421.0,985.0,770602.0,42.01,-87.91,0.0
685,372.0,58718.0,68326.0,1861.0,985.0,3629.0,1444.0,3634.0,1421.0,967.0,770902.0,41.97,-87.84,0.0
686,997.0,102753.0,120971.0,2450.0,1421.0,5362.0,2002.0,5368.0,1643.0,967.0,810400.0,41.99,-87.83,0.0
687,457.0,46393.0,53692.0,1335.0,800.0,3071.0,1382.0,3071.0,1471.0,830.0,821402.0,41.66,-87.65,0.0
688,1007.0,44545.0,58820.0,1410.0,906.0,5887.0,2326.0,5887.0,1268.0,897.0,823304.0,41.68,-87.7,0.0
689,1360.0,39602.0,49309.0,1512.0,868.0,4785.0,1072.0,4785.0,877.0,726.0,830500.0,41.83,-87.72,0.0
690,575.0,49138.0,65104.0,1672.0,965.0,4650.0,1868.0,4670.0,1003.0,706.0,830600.0,42.0,-87.67,0.0
691,260.0,44661.0,66837.0,1952.0,717.0,3291.0,1735.0,3627.0,1760.0,541.0,830700.0,41.96,-87.66,0.0
692,92.0,71607.0,93334.0,2090.0,1126.0,2623.0,1421.0,2623.0,1568.0,1078.0,830800.0,41.97,-87.68,0.0
693,248.0,96553.0,119599.0,2316.0,1378.0,2788.0,1237.0,2794.0,1541.0,1017.0,830900.0,41.93,-87.68,0.0
694,181.0,152794.0,213135.0,2879.0,1856.0,2209.0,1068.0,2209.0,2097.0,1336.0,831000.0,41.91,-87.68,0.0
695,875.0,56328.0,75423.0,2044.0,1012.0,7870.0,2724.0,7875.0,1088.0,936.0,831100.0,41.94,-87.72,0.0
696,818.0,36190.0,52699.0,1849.0,938.0,5034.0,1405.0,5051.0,1103.0,880.0,831200.0,41.92,-87.73,0.0
697,88.0,35375.0,40033.0,1286.0,825.0,1043.0,351.0,1043.0,994.0,880.0,831300.0,41.91,-87.74,0.0
698,352.0,33381.0,43947.0,1601.0,928.0,2725.0,967.0,3000.0,987.0,706.0,831400.0,41.87,-87.76,0.0
699,430.0,57847.0,66523.0,1659.0,1000.0,3524.0,1195.0,3540.0,1117.0,739.0,831500.0,41.93,-87.79,0.0
700,1096.0,42077.0,71902.0,1757.0,923.0,7563.0,2418.0,7574.0,1117.0,739.0,831600.0,41.93,-87.8,0.0
701,443.0,57727.0,69860.0,2203.0,1067.0,2365.0,784.0,2365.0,1334.0,889.0,831700.0,41.95,-87.75,0.0
702,654.0,60625.0,79090.0,2257.0,1060.0,6052.0,2151.0,6418.0,1137.0,967.0,831800.0,41.98,-87.72,0.0
703,247.0,101612.0,160988.0,2754.0,1757.0,2813.0,1259.0,2818.0,1880.0,1473.0,831900.0,41.95,-87.67,0.0
704,57.0,105625.0,125315.0,2601.0,1716.0,1786.0,822.0,1799.0,1966.0,1138.0,832000.0,41.95,-87.65,0.0
705,121.0,69476.0,93856.0,2313.0,1138.0,3234.0,1729.0,3234.0,1966.0,541.0,832100.0,41.95,-87.65,0.0
706,288.0,91723.0,138541.0,3157.0,1336.0,3392.0,1481.0,3397.0,2097.0,1378.0,832200.0,41.92,-87.68,0.0
707,128.0,105556.0,139524.0,2819.0,1767.0,2094.0,890.0,2111.0,1856.0,1336.0,832300.0,41.92,-87.67,0.0
708,227.0,95547.0,115859.0,2028.0,1548.0,2926.0,1193.0,2926.0,1449.0,1017.0,832400.0,41.92,-87.69,0.0
709,401.0,116935.0,168175.0,3549.0,1452.0,3209.0,1411.0,3732.0,1924.0,852.0,832500.0,41.92,-87.66,0.0
710,263.0,148017.0,188488.0,2918.0,1960.0,3723.0,1688.0,3728.0,1923.0,1640.0,832600.0,41.91,-87.65,0.0
711,77.0,53911.0,95044.0,2928.0,1531.0,2278.0,913.0,2381.0,1960.0,473.0,832900.0,41.87,-87.66,0.0
712,145.0,133571.0,147683.0,2638.0,1960.0,3567.0,2094.0,3567.0,2214.0,1350.0,833000.0,41.89,-87.66,0.0
713,556.0,116071.0,148297.0,2383.0,1776.0,6910.0,3820.0,7441.0,1960.0,1350.0,833100.0,41.88,-87.66,0.0
714,82.0,45833.0,91850.0,2236.0,1442.0,2643.0,872.0,2646.0,1959.0,1219.0,833300.0,41.87,-87.65,0.0
715,512.0,32159.0,47674.0,1906.0,796.0,2432.0,761.0,2441.0,988.0,355.0,833900.0,41.73,-87.55,0.0
716,457.0,34864.0,48243.0,1140.0,1072.0,2956.0,1075.0,2956.0,1587.0,980.0,834000.0,41.73,-87.63,0.0
717,727.0,33835.0,54628.0,1516.0,866.0,4290.0,1772.0,4310.0,1205.0,765.0,834200.0,41.76,-87.58,1.0
718,721.0,34140.0,51404.0,1535.0,765.0,6379.0,2537.0,6384.0,1049.0,783.0,834300.0,41.75,-87.59,0.0
719,858.0,38233.0,59823.0,1760.0,1073.0,4436.0,1686.0,4487.0,1083.0,828.0,834400.0,41.78,-87.6,1.0
720,243.0,31483.0,37750.0,0.0,1019.0,1273.0,469.0,1273.0,998.0,375.0,834500.0,41.79,-87.63,1.0
721,316.0,21196.0,40076.0,1227.0,845.0,2491.0,958.0,2535.0,1019.0,556.0,834600.0,41.79,-87.63,1.0
722,319.0,21802.0,40868.0,1100.0,888.0,1723.0,564.0,1748.0,922.0,729.0,834700.0,41.79,-87.65,0.0
723,183.0,20559.0,29320.0,1081.0,729.0,1557.0,655.0,1566.0,922.0,556.0,834800.0,41.78,-87.65,1.0
724,304.0,18401.0,27885.0,1189.0,685.0,1821.0,753.0,1859.0,1273.0,740.0,834900.0,41.77,-87.66,0.0
725,974.0,26926.0,42632.0,1330.0,848.0,5573.0,1879.0,5579.0,930.0,826.0,835000.0,41.78,-87.69,1.0
726,1173.0,35962.0,51420.0,1432.0,930.0,5796.0,1348.0,5809.0,885.0,670.0,835100.0,41.79,-87.69,0.0
727,210.0,45417.0,61542.0,1554.0,764.0,1833.0,626.0,1833.0,1355.0,903.0,835200.0,41.8,-87.75,1.0
728,115.0,20517.0,29400.0,1239.0,419.0,1435.0,702.0,1444.0,1047.0,284.0,835500.0,41.82,-87.63,1.0
729,100.0,26458.0,47336.0,780.0,719.0,910.0,343.0,910.0,1182.0,745.0,835600.0,41.8,-87.63,1.0
730,207.0,0.0,28315.0,0.0,745.0,592.0,202.0,592.0,1047.0,419.0,835700.0,41.81,-87.63,1.0
731,400.0,60598.0,71139.0,2051.0,1018.0,1707.0,629.0,1707.0,1090.0,630.0,835800.0,41.81,-87.62,0.0
732,354.0,18856.0,40235.0,1736.0,630.0,3146.0,1469.0,3170.0,1018.0,362.0,835900.0,41.82,-87.62,1.0
733,408.0,60368.0,80974.0,1811.0,1090.0,2685.0,942.0,2685.0,1040.0,446.0,836000.0,41.81,-87.61,0.0
734,349.0,25462.0,42742.0,2277.0,1006.0,2163.0,743.0,2163.0,1026.0,785.0,836100.0,41.8,-87.62,0.0
735,25.0,50769.0,114054.0,1875.0,980.0,319.0,122.0,1585.0,1280.0,828.0,836200.0,41.79,-87.6,0.0
736,114.0,54259.0,89171.0,2070.0,994.0,1389.0,664.0,1421.0,1280.0,811.0,836300.0,41.8,-87.6,0.0
737,635.0,30137.0,52669.0,2527.0,489.0,3308.0,1612.0,3308.0,1111.0,693.0,836400.0,41.82,-87.6,0.0
738,290.0,32583.0,45536.0,3109.0,798.0,1754.0,659.0,1754.0,1128.0,446.0,836500.0,41.83,-87.6,1.0
739,324.0,44808.0,57209.0,1684.0,991.0,2323.0,936.0,2337.0,1038.0,835.0,836600.0,41.9,-87.71,0.0
740,410.0,24946.0,36089.0,1043.0,873.0,2252.0,841.0,2252.0,1280.0,746.0,836700.0,41.89,-87.7,0.0
741,390.0,12696.0,23155.0,1798.0,695.0,2178.0,936.0,2214.0,1035.0,538.0,836800.0,41.89,-87.71,1.0
742,295.0,26458.0,39152.0,2010.0,746.0,1422.0,455.0,1422.0,998.0,695.0,836900.0,41.88,-87.71,1.0
743,488.0,29911.0,48973.0,1905.0,822.0,2021.0,757.0,2028.0,998.0,547.0,837000.0,41.88,-87.7,1.0
744,106.0,22266.0,37824.0,1458.0,769.0,1567.0,754.0,1634.0,1280.0,746.0,837100.0,41.89,-87.7,1.0
745,489.0,28750.0,44226.0,1411.0,987.0,2159.0,749.0,2519.0,1096.0,547.0,837300.0,41.87,-87.71,0.0
746,354.0,39609.0,50767.0,1893.0,930.0,2028.0,705.0,2403.0,1412.0,489.0,837400.0,41.88,-87.69,0.0
747,469.0,60893.0,80249.0,1953.0,1230.0,2802.0,996.0,3110.0,1289.0,467.0,837800.0,41.88,-87.68,0.0
748,249.0,18147.0,48808.0,2098.0,467.0,2760.0,1233.0,2760.0,1374.0,473.0,838000.0,41.88,-87.68,0.0
749,50.0,17047.0,50074.0,1615.0,473.0,1959.0,1227.0,1980.0,1531.0,467.0,838100.0,41.88,-87.67,1.0
750,50.0,36389.0,52184.0,1973.0,969.0,1030.0,400.0,2028.0,1429.0,467.0,838200.0,41.87,-87.68,0.0
751,122.0,44875.0,83219.0,3019.0,1192.0,1381.0,640.0,1515.0,2024.0,631.0,838300.0,41.9,-87.64,1.0
752,188.0,14850.0,21220.0,0.0,706.0,1299.0,489.0,1467.0,1015.0,547.0,838600.0,41.87,-87.7,1.0
753,830.0,22742.0,30339.0,1521.0,954.0,4626.0,1508.0,4631.0,1055.0,742.0,838700.0,41.86,-87.72,0.0
754,1064.0,19155.0,33813.0,1309.0,376.0,3526.0,1101.0,3526.0,1112.0,842.0,838800.0,41.68,-87.57,1.0
755,334.0,84347.0,107889.0,1796.0,2059.0,8193.0,4720.0,8542.0,2291.0,710.0,839000.0,41.87,-87.63,0.0
756,329.0,90489.0,125571.0,2458.0,1865.0,5353.0,3173.0,6760.0,2214.0,1767.0,839100.0,41.88,-87.63,0.0
757,179.0,29476.0,45640.0,1506.0,838.0,2363.0,1418.0,2368.0,2094.0,282.0,839200.0,41.84,-87.62,0.0
758,62.0,21719.0,70062.0,2277.0,339.0,1205.0,681.0,1367.0,2094.0,362.0,839500.0,41.83,-87.62,0.0
759,151.0,35461.0,57981.0,2306.0,782.0,1447.0,785.0,1521.0,1000.0,339.0,839600.0,41.83,-87.62,0.0
760,564.0,48800.0,68058.0,1905.0,870.0,4417.0,1862.0,4417.0,1022.0,848.0,839700.0,41.83,-87.65,0.0
761,281.0,49583.0,62610.0,2451.0,985.0,2821.0,1169.0,2834.0,935.0,836.0,839800.0,41.84,-87.64,0.0
762,411.0,50265.0,71300.0,1979.0,935.0,4374.0,1813.0,4374.0,985.0,870.0,839900.0,41.83,-87.65,0.0
763,311.0,71989.0,91285.0,2052.0,877.0,2891.0,1005.0,2891.0,1000.0,284.0,840000.0,41.83,-87.64,0.0
764,469.0,38886.0,51986.0,1496.0,836.0,2952.0,1018.0,2957.0,985.0,647.0,840100.0,41.84,-87.64,1.0
765,274.0,55600.0,70767.0,1621.0,944.0,2440.0,816.0,2448.0,985.0,836.0,840200.0,41.84,-87.65,0.0
766,497.0,48056.0,60831.0,1653.0,927.0,3917.0,1172.0,3917.0,942.0,771.0,840300.0,41.83,-87.68,0.0
767,560.0,40750.0,57030.0,1629.0,771.0,3249.0,1183.0,3265.0,1022.0,848.0,840400.0,41.83,-87.67,1.0
768,959.0,34219.0,45676.0,1598.0,789.0,3861.0,1097.0,3921.0,960.0,658.0,840700.0,41.85,-87.69,1.0
769,585.0,31648.0,42387.0,1466.0,743.0,2805.0,815.0,2805.0,816.0,703.0,840800.0,41.84,-87.71,1.0
770,40.0,63125.0,84624.0,2401.0,1478.0,878.0,519.0,878.0,1759.0,282.0,841000.0,41.85,-87.61,0.0
771,626.0,26905.0,47606.0,1449.0,822.0,6816.0,2655.0,6821.0,1252.0,282.0,841100.0,41.85,-87.64,0.0
772,1112.0,36104.0,46146.0,1590.0,874.0,5180.0,1726.0,5183.0,960.0,744.0,841200.0,41.86,-87.68,1.0
773,586.0,48750.0,60852.0,1764.0,833.0,4030.0,1472.0,4040.0,927.0,703.0,841300.0,41.84,-87.68,1.0
774,260.0,29338.0,44654.0,1487.0,1055.0,1158.0,399.0,1189.0,1196.0,791.0,841400.0,41.85,-87.71,0.0
775,579.0,24858.0,36673.0,1729.0,1015.0,2877.0,942.0,2932.0,1196.0,658.0,841500.0,41.86,-87.71,0.0
776,149.0,21767.0,34947.0,1200.0,1196.0,689.0,243.0,689.0,1055.0,658.0,841600.0,41.86,-87.71,0.0
777,298.0,19630.0,31727.0,1418.0,658.0,1652.0,702.0,1652.0,1196.0,703.0,841700.0,41.85,-87.7,0.0
778,494.0,36250.0,44255.0,1352.0,921.0,2749.0,941.0,2756.0,1083.0,561.0,841800.0,41.77,-87.6,0.0
779,276.0,113882.0,127395.0,2231.0,1959.0,3299.0,1670.0,6509.0,2059.0,710.0,841900.0,41.87,-87.64,0.0
780,68.0,85057.0,103133.0,1939.0,2094.0,788.0,363.0,3106.0,1000.0,282.0,842000.0,41.83,-87.63,0.0
781,1811.0,33945.0,39477.0,1455.0,828.0,7646.0,2071.0,7664.0,1064.0,783.0,842100.0,41.9,-87.73,1.0
782,51.0,92227.0,107134.0,2411.0,1923.0,3058.0,1917.0,3058.0,1960.0,631.0,842200.0,41.9,-87.65,0.0
783,191.0,123750.0,158282.0,2621.0,1734.0,3052.0,1465.0,3189.0,1960.0,1056.0,842300.0,41.91,-87.66,0.0
784,415.0,39161.0,47243.0,1517.0,1139.0,3084.0,1275.0,3084.0,1457.0,755.0,842400.0,41.74,-87.63,0.0
785,489.0,10471.0,20011.0,668.0,375.0,2002.0,799.0,2007.0,1027.0,696.0,842500.0,41.78,-87.62,1.0
786,451.0,58315.0,66738.0,1967.0,951.0,4110.0,1445.0,4115.0,935.0,689.0,842600.0,41.82,-87.65,0.0
787,1598.0,32236.0,41669.0,1517.0,896.0,7420.0,2038.0,7420.0,848.0,776.0,842800.0,41.81,-87.7,0.0
788,365.0,21325.0,42669.0,1518.0,567.0,2050.0,1148.0,2050.0,1429.0,830.0,842900.0,41.86,-87.67,1.0
789,616.0,18036.0,30605.0,1288.0,880.0,2689.0,933.0,2689.0,1096.0,742.0,843000.0,41.87,-87.72,0.0
790,361.0,27292.0,45096.0,1800.0,984.0,1595.0,505.0,1742.0,1015.0,547.0,843100.0,41.86,-87.7,0.0
791,295.0,46387.0,56287.0,1865.0,872.0,2232.0,815.0,2250.0,1022.0,771.0,843200.0,41.85,-87.66,1.0
792,194.0,47829.0,55442.0,1796.0,956.0,1559.0,443.0,2144.0,1412.0,547.0,843300.0,41.86,-87.69,1.0
793,197.0,26607.0,34893.0,1844.0,667.0,1254.0,446.0,1254.0,1002.0,771.0,843400.0,41.85,-87.73,1.0
794,115.0,25714.0,41571.0,1736.0,767.0,1064.0,300.0,10079.0,791.0,703.0,843500.0,41.84,-87.7,1.0
795,510.0,35714.0,65608.0,1925.0,1040.0,2822.0,1256.0,2822.0,1090.0,693.0,843600.0,41.81,-87.61,0.0
796,438.0,105408.0,158087.0,2846.0,1264.0,2549.0,963.0,2549.0,1570.0,1211.0,843700.0,41.95,-87.69,0.0
797,351.0,45833.0,51562.0,1613.0,1182.0,1699.0,630.0,1699.0,921.0,719.0,843800.0,41.8,-87.64,0.0
798,307.0,32750.0,44728.0,1602.0,963.0,3299.0,1842.0,3332.0,1207.0,740.0,843900.0,41.78,-87.58,0.0
