,0,1,2,3,4,5,6,7,8,9,TRACTCE10,INTPTLAT,INTPTLONG,label
0,9158.978,0.0,19948.447,1578.0037,12865.978,0.0,3402.8528,5282.798,0.0,0.0,10100.0,42.02,-87.67,1.0
1,3436.3481,0.0,8972.779,0.0,4244.08,0.0,0.0,2619.172,0.0,0.0,10201.0,42.02,-87.68,0.0
2,2944.2651,0.0,9348.287,0.0,3029.6018,0.0,0.0,2906.731,0.0,0.0,10202.0,42.02,-87.67,0.0
3,3693.464,0.0,9280.048,7.1877904,4693.403,0.0,30.085703,2707.5696,0.0,0.0,10300.0,42.02,-87.67,0.0
4,1530.5673,0.0,4860.3896,0.0,1640.0443,0.0,0.0,1625.7205,0.0,0.0,10400.0,42.01,-87.66,0.0
5,19390.703,0.0,46782.35,1184.3972,25247.963,0.0,2361.7214,13096.138,0.0,0.0,10501.0,42.01,-87.66,1.0
6,11962.553,0.0,25030.508,2541.8308,17170.713,0.0,5543.705,6452.0312,0.0,0.0,10502.0,42.0,-87.66,1.0
7,5374.9395,0.0,12367.994,600.0848,7286.7676,0.0,1219.3855,3373.321,0.0,0.0,10503.0,42.0,-87.66,0.0
8,4853.788,0.0,12147.603,251.45488,6336.002,0.0,315.4441,3404.1062,0.0,0.0,10600.0,42.01,-87.67,0.0
9,5545.5107,0.0,12066.109,966.96564,7820.7207,0.0,2074.7258,3195.3157,0.0,0.0,10701.0,42.01,-87.68,0.0
10,14131.3125,0.0,29206.826,3036.7273,20481.287,0.0,6862.1323,7659.623,0.0,0.0,10702.0,42.01,-87.67,1.0
11,14069.512,0.0,35043.395,492.42657,18057.82,0.0,689.9949,9903.378,0.0,0.0,20100.0,42.02,-87.69,0.0
12,16956.066,0.0,48832.83,0.0,18895.92,0.0,0.0,14716.384,0.0,0.0,20200.0,42.02,-87.7,0.0
13,7283.715,0.0,15337.74,1456.1951,10461.64,0.0,3260.4062,4048.1296,0.0,0.0,20301.0,42.01,-87.71,0.0
14,7741.715,0.0,17372.584,1168.5125,10720.394,0.0,2412.1975,4639.1816,0.0,0.0,20302.0,42.01,-87.69,0.0
15,21112.674,0.0,37362.246,5681.3955,32596.219,0.0,14966.288,10449.392,0.0,0.0,20400.0,42.01,-87.69,0.0
16,6226.064,0.0,15240.618,319.66925,8088.0054,0.0,591.42017,4295.159,0.0,0.0,20500.0,42.0,-87.68,0.0
17,8585.18,0.0,24701.85,0.0,7658.324,0.0,0.0,8011.6025,0.0,0.0,20601.0,42.0,-87.7,0.0
18,3481.335,0.0,8352.009,293.48175,4641.654,0.0,524.5969,2308.0305,0.0,0.0,20602.0,42.0,-87.69,1.0
19,7752.001,0.0,16596.121,1639.5608,11112.914,0.0,3485.0002,4292.3936,0.0,0.0,20701.0,41.99,-87.7,0.0
20,16804.096,0.0,28671.29,4883.4824,25697.035,0.0,12306.687,7380.37,0.0,0.0,20702.0,41.99,-87.7,0.0
21,8844.213,0.0,17749.195,1949.407,12953.99,0.0,4590.5117,4724.5938,0.0,0.0,20801.0,41.99,-87.69,0.0
22,10905.08,0.0,21817.621,2846.9802,16152.265,0.0,6267.867,5472.869,0.0,0.0,20802.0,41.99,-87.69,0.0
23,22430.535,0.0,40380.586,5460.2607,34207.254,0.0,14908.585,11516.052,0.0,0.0,20901.0,42.0,-87.69,1.0
24,7083.282,0.0,15307.142,1465.6653,10153.3545,0.0,3043.5693,3963.2136,0.0,0.0,20902.0,41.99,-87.68,0.0
25,12286.203,0.0,26580.783,2246.3103,17349.838,0.0,4850.168,6997.4707,0.0,0.0,30101.0,41.99,-87.66,1.0
26,12788.793,0.0,25515.725,3374.028,18961.219,0.0,7388.8213,6385.668,0.0,0.0,30102.0,41.99,-87.66,1.0
27,4540.46,0.0,10035.239,744.40265,6372.0054,0.0,1584.2859,2681.1877,0.0,0.0,30103.0,42.0,-87.66,1.0
28,17029.166,0.0,40976.15,1072.073,22114.082,0.0,1943.448,11349.251,0.0,0.0,30104.0,42.0,-87.66,1.0
29,5865.748,0.0,10983.534,1352.2009,8845.778,0.0,3565.4236,3087.404,0.0,0.0,30200.0,41.99,-87.67,0.0
30,4990.13,0.0,11751.74,550.85187,6762.7715,0.0,1045.0754,3211.159,0.0,0.0,30300.0,41.99,-87.67,0.0
31,2113.7334,0.0,6860.297,0.0,1877.6084,0.0,0.0,2286.9639,0.0,0.0,30400.0,41.99,-87.67,1.0
32,13354.8125,0.0,30801.69,1566.3542,18078.043,0.0,3201.033,8374.786,0.0,0.0,30500.0,41.99,-87.66,0.0
33,10136.953,0.0,17644.36,3169.5535,15710.397,0.0,7625.7793,4439.119,0.0,0.0,30601.0,41.99,-87.65,1.0
34,8010.1387,0.0,15611.291,2451.034,12118.909,0.0,5205.781,3730.2693,0.0,0.0,30603.0,41.99,-87.66,0.0
35,11615.6875,0.0,27733.336,875.3748,15332.529,0.0,1766.3484,7731.045,0.0,0.0,30604.0,41.99,-87.65,1.0
36,3480.2935,0.0,9001.184,17.393356,4436.885,0.0,0.0,2591.6418,0.0,0.0,30701.0,41.98,-87.66,0.0
37,10548.816,0.0,22729.086,2005.8552,14943.563,0.0,4318.418,5951.836,0.0,0.0,30702.0,41.98,-87.65,0.0
38,2542.628,0.0,7081.05,0.0,3039.866,0.0,0.0,2090.005,0.0,0.0,30703.0,41.98,-87.66,0.0
39,4165.6484,0.0,9095.801,784.4808,5920.784,0.0,1619.5493,2380.3167,0.0,0.0,30706.0,41.98,-87.65,1.0
40,16153.273,0.0,39175.9,955.1258,21060.02,0.0,1759.9382,10957.157,0.0,0.0,30800.0,41.98,-87.66,0.0
41,8767.502,0.0,19138.303,1568.9314,12376.876,0.0,3354.677,5059.6934,0.0,0.0,30900.0,41.98,-87.67,0.0
42,17221.738,0.0,41160.637,1367.7507,22714.32,0.0,2551.2332,11360.983,0.0,0.0,31000.0,41.97,-87.67,0.0
43,8392.713,0.0,18713.52,1200.866,11557.108,0.0,2646.1272,5053.8984,0.0,0.0,31100.0,41.97,-87.66,1.0
44,11454.564,0.0,26569.186,1235.4753,15497.893,0.0,2632.03,7328.2754,0.0,0.0,31200.0,41.97,-87.66,0.0
45,5524.6533,0.0,13376.549,449.78595,7301.042,0.0,738.9719,3673.0017,0.0,0.0,31300.0,41.97,-87.65,0.0
46,13327.391,0.0,33170.867,468.68634,17092.713,0.0,568.83765,9331.73,0.0,0.0,31400.0,41.96,-87.64,0.0
47,7865.4365,0.0,17091.94,1450.6335,11113.549,0.0,3104.9514,4496.12,0.0,0.0,31501.0,41.97,-87.65,0.0
48,7998.515,0.0,21275.26,0.0,9598.321,0.0,0.0,6277.706,0.0,0.0,31502.0,41.96,-87.65,0.0
49,3456.4844,0.0,10906.177,0.0,3170.5369,0.0,0.0,3465.846,0.0,0.0,31700.0,41.97,-87.66,1.0
50,7681.7056,0.0,17549.594,1091.154,10566.913,0.0,2183.2458,4705.419,0.0,0.0,31800.0,41.97,-87.67,0.0
51,9497.332,0.0,29251.088,0.0,9008.33,0.0,0.0,9409.6045,0.0,0.0,31900.0,41.96,-87.67,0.0
52,9302.0625,0.0,21425.527,1213.408,12764.351,0.0,2521.306,5841.1465,0.0,0.0,32100.0,41.96,-87.65,1.0
53,9337.875,0.0,19693.201,1919.0701,13385.913,0.0,4290.7896,5157.3994,0.0,0.0,40100.0,41.99,-87.68,0.0
54,12191.709,0.0,28395.064,1268.1658,16332.258,0.0,2578.2761,7763.4883,0.0,0.0,40201.0,41.97,-87.69,0.0
55,6648.8384,0.0,13481.967,1037.5745,9022.843,0.0,2361.112,3427.985,0.0,0.0,40202.0,41.98,-87.69,1.0
56,3778.0889,0.0,11730.128,0.0,3117.7847,0.0,0.0,3951.552,0.0,0.0,40300.0,41.98,-87.7,0.0
57,7782.784,0.0,17399.344,1240.9226,10833.61,0.0,2583.0364,4636.4727,0.0,0.0,40401.0,41.97,-87.69,0.0
58,6595.0215,0.0,15020.565,888.3045,9042.167,0.0,1795.2063,4040.5105,0.0,0.0,40402.0,41.97,-87.68,0.0
59,19034.422,0.0,39938.086,3936.9656,27186.72,0.0,8593.966,10309.614,0.0,0.0,40600.0,41.97,-87.68,0.0
60,3830.8022,0.0,11254.213,0.0,4198.948,0.0,0.0,3480.1287,0.0,0.0,40700.0,41.97,-87.69,0.0
61,17013.043,0.0,42793.26,267.71173,21559.057,0.0,236.45583,12220.192,0.0,0.0,40800.0,41.96,-87.69,0.0
62,15234.004,0.0,29240.027,3602.2498,22703.488,0.0,9011.833,7900.384,0.0,0.0,40900.0,41.96,-87.68,0.0
63,7319.805,0.0,15045.761,1736.5876,10689.311,0.0,3762.4707,3822.2605,0.0,0.0,50100.0,41.96,-87.68,0.0
64,15059.312,0.0,35543.64,1246.7917,19993.908,0.0,2636.4285,9895.513,0.0,0.0,50200.0,41.96,-87.68,0.0
65,3139.8215,0.0,8308.331,0.0,3854.1023,0.0,0.0,2424.5308,0.0,0.0,50300.0,41.96,-87.69,0.0
66,5342.873,0.0,11838.154,861.5848,7486.869,0.0,1826.637,3165.953,0.0,0.0,50500.0,41.95,-87.68,0.0
67,7069.051,0.0,16101.814,955.92316,9719.553,0.0,1991.7507,4362.074,0.0,0.0,50600.0,41.95,-87.68,0.0
68,2582.076,0.0,7746.513,0.0,3012.3105,0.0,0.0,2215.3818,0.0,0.0,50700.0,41.95,-87.68,0.0
69,17951.977,0.0,51144.09,0.0,20164.105,0.0,0.0,15338.042,0.0,0.0,50800.0,41.95,-87.68,0.0
70,4855.8916,0.0,10542.985,888.5301,6873.0337,0.0,1880.919,2770.7874,0.0,0.0,50900.0,41.94,-87.69,0.0
71,12548.385,0.0,25165.443,2790.7136,18433.906,0.0,6649.814,6720.833,0.0,0.0,51000.0,41.94,-87.69,0.0
72,14197.592,0.0,30567.348,2626.2517,20087.154,0.0,5693.249,8046.038,0.0,0.0,51100.0,41.94,-87.68,0.0
73,16124.408,0.0,36371.13,2207.323,22143.371,0.0,4756.003,9849.794,0.0,0.0,51200.0,41.94,-87.68,0.0
74,5832.169,0.0,13557.096,639.34406,7889.967,0.0,1360.9104,3738.055,0.0,0.0,51300.0,41.94,-87.68,0.0
75,9045.186,0.0,18017.963,2449.3757,13457.612,0.0,5322.361,4466.5938,0.0,0.0,51400.0,41.94,-87.68,0.0
76,6654.384,0.0,13757.849,1471.6677,9682.972,0.0,3249.7656,3567.55,0.0,0.0,60100.0,41.96,-87.67,0.0
77,8179.783,0.0,18447.266,1184.7732,11292.958,0.0,2443.3738,4947.0186,0.0,0.0,60200.0,41.96,-87.67,0.0
78,13663.918,0.0,41084.055,0.0,13470.301,0.0,0.0,12999.386,0.0,0.0,60300.0,41.95,-87.67,0.0
79,5551.241,0.0,12537.016,834.2957,7678.48,0.0,1704.0862,3349.8025,0.0,0.0,60400.0,41.95,-87.67,0.0
80,3056.8767,0.0,6654.489,381.23468,4222.2144,0.0,1017.5254,1871.1294,0.0,0.0,60500.0,41.95,-87.66,0.0
81,8621.941,0.0,18066.309,1983.5398,12518.567,0.0,4178.672,4592.084,0.0,0.0,60800.0,41.95,-87.64,0.0
82,3067.294,0.0,9605.227,0.0,2393.26,0.0,0.0,3323.8757,0.0,0.0,60900.0,41.95,-87.64,0.0
83,4825.8267,0.0,14937.901,0.0,4963.006,0.0,0.0,4657.904,0.0,0.0,61000.0,41.95,-87.65,0.0
84,14427.79,0.0,28414.451,3469.3884,21359.281,0.0,8180.586,7468.201,0.0,0.0,61100.0,41.95,-87.66,0.0
85,5296.831,0.0,11916.842,784.92267,7343.7715,0.0,1619.2263,3194.9114,0.0,0.0,61200.0,41.95,-87.66,0.0
86,9794.9,0.0,28493.314,0.0,10953.253,0.0,0.0,8671.9375,0.0,0.0,61500.0,41.95,-87.66,0.0
87,4086.579,0.0,8688.041,720.02277,5787.226,0.0,1628.1653,2311.6272,0.0,0.0,61800.0,41.95,-87.65,0.0
88,15648.365,0.0,31780.316,3551.3328,22816.78,0.0,8047.2207,8264.501,0.0,0.0,61901.0,41.94,-87.64,0.0
89,10027.176,0.0,20870.256,2277.82,14575.487,0.0,4897.115,5340.5215,0.0,0.0,61902.0,41.95,-87.64,0.0
90,8292.291,0.0,18205.031,1431.9011,11641.475,0.0,3127.4314,4851.709,0.0,0.0,62000.0,41.94,-87.65,0.0
91,4873.319,0.0,11103.635,644.84015,6707.134,0.0,1301.8418,3000.3308,0.0,0.0,62100.0,41.94,-87.65,0.0
92,6108.244,0.0,14304.325,646.51544,8229.641,0.0,1265.6477,3911.8972,0.0,0.0,62200.0,41.94,-87.66,0.0
93,11235.2,0.0,20427.066,3289.4402,17278.695,0.0,8005.9326,5315.0693,0.0,0.0,62300.0,41.94,-87.66,0.0
94,6127.954,0.0,11640.536,1987.449,9412.88,0.0,4318.6465,2773.217,0.0,0.0,62400.0,41.94,-87.67,0.0
95,4183.53,0.0,8649.068,1079.1326,6203.828,0.0,2233.5295,2161.057,0.0,0.0,62500.0,41.94,-87.67,0.0
96,5963.771,0.0,12729.237,1021.5413,8319.033,0.0,2244.8757,3337.0203,0.0,0.0,62600.0,41.94,-87.67,0.0
97,19761.643,0.0,35691.79,4836.5283,28965.266,0.0,12042.481,9107.677,0.0,0.0,62700.0,41.94,-87.67,0.0
98,2990.6978,0.0,8285.763,0.0,3599.2158,0.0,0.0,2448.6099,0.0,0.0,62800.0,41.94,-87.66,0.0
99,6553.96,0.0,15611.624,452.8299,8679.565,0.0,981.531,4401.5986,0.0,0.0,62900.0,41.94,-87.66,0.0
100,9448.084,0.0,22683.244,720.94025,12488.495,0.0,1353.6755,6300.1465,0.0,0.0,63000.0,41.94,-87.65,0.0
101,5406.992,0.0,10877.355,1251.5994,7860.925,0.0,2785.9595,2759.6233,0.0,0.0,63100.0,41.94,-87.65,0.0
102,2796.0608,0.0,8766.353,0.0,2717.5393,0.0,0.0,2801.8408,0.0,0.0,63200.0,41.94,-87.63,0.0
103,4534.242,0.0,10129.374,722.3221,6341.3516,0.0,1492.1946,2703.848,0.0,0.0,63301.0,41.93,-87.64,0.0
104,5725.447,0.0,11651.916,1478.6482,8454.963,0.0,3152.0085,2907.8752,0.0,0.0,63302.0,41.93,-87.64,0.0
105,5345.7417,0.0,11047.682,1140.0417,7733.398,0.0,2564.7356,2877.4329,0.0,0.0,63303.0,41.93,-87.63,0.0
106,8512.223,0.0,22777.113,0.0,10302.692,0.0,0.0,6634.537,0.0,0.0,63400.0,41.93,-87.65,0.0
107,7843.044,0.0,17323.162,1347.1394,10996.569,0.0,2798.8289,4572.3994,0.0,0.0,70101.0,41.93,-87.63,0.0
108,7087.5405,0.0,19017.748,0.0,8510.323,0.0,0.0,5557.8994,0.0,0.0,70102.0,41.93,-87.64,0.0
109,7693.6616,0.0,16251.375,1607.49,11038.255,0.0,3511.351,4220.916,0.0,0.0,70103.0,41.93,-87.64,0.0
110,17476.355,0.0,36894.367,3395.3406,24899.37,0.0,7612.9023,9706.167,0.0,0.0,70200.0,41.93,-87.65,0.0
111,11890.141,0.0,25863.945,2050.4294,16668.84,0.0,4397.3975,6823.926,0.0,0.0,70300.0,41.93,-87.65,0.0
112,5777.1924,0.0,13436.201,615.7576,7825.9834,0.0,1286.3445,3706.4573,0.0,0.0,70400.0,41.93,-87.66,0.0
113,18369.664,0.0,43501.69,1387.0281,24182.102,0.0,2869.5906,12090.278,0.0,0.0,70500.0,41.93,-87.66,0.0
114,2757.661,0.0,7627.3335,0.0,3366.2605,0.0,0.0,2212.9775,0.0,0.0,70600.0,41.93,-87.67,0.0
115,9160.349,0.0,20486.232,1391.9285,12684.79,0.0,2954.6643,5489.336,0.0,0.0,70700.0,41.93,-87.67,0.0
116,4151.5215,0.0,8408.292,1130.2996,6186.8506,0.0,2326.061,2055.2405,0.0,0.0,71000.0,41.92,-87.66,0.0
117,5512.8413,0.0,12429.144,772.4871,7582.5557,0.0,1639.8398,3352.7615,0.0,0.0,71100.0,41.92,-87.65,0.0
118,8349.279,0.0,17436.809,1776.1394,11958.412,0.0,3882.6428,4484.4307,0.0,0.0,71200.0,41.92,-87.65,0.0
119,5752.384,0.0,16148.68,0.0,6683.4165,0.0,0.0,4694.526,0.0,0.0,71300.0,41.92,-87.64,0.0
120,4162.251,0.0,10939.735,0.0,5131.1875,0.0,0.0,3186.4475,0.0,0.0,71400.0,41.92,-87.63,0.0
121,3143.5957,0.0,8384.629,0.0,3882.6243,0.0,0.0,2462.4556,0.0,0.0,71500.0,41.91,-87.63,0.0
122,3236.9631,0.0,8803.931,0.0,3930.131,0.0,0.0,2527.1907,0.0,0.0,71600.0,41.92,-87.64,0.0
123,3503.938,0.0,8471.809,308.71466,4726.9683,0.0,559.6787,2362.7405,0.0,0.0,71700.0,41.91,-87.64,0.0
124,4466.3765,0.0,9542.437,933.4671,6445.125,0.0,1955.5359,2472.572,0.0,0.0,71800.0,41.91,-87.65,0.0
125,10957.123,0.0,25807.014,1098.4236,14666.472,0.0,2238.8376,7107.09,0.0,0.0,80100.0,41.91,-87.63,0.0
126,6068.5293,0.0,14168.568,664.0999,8212.497,0.0,1401.7014,3910.7483,0.0,0.0,80201.0,41.91,-87.63,0.0
127,4206.8374,0.0,11938.524,0.0,4784.627,0.0,0.0,3611.803,0.0,0.0,80202.0,41.91,-87.63,0.0
128,6063.9106,0.0,16361.867,0.0,7350.37,0.0,0.0,4686.894,0.0,0.0,80300.0,41.91,-87.64,0.0
129,14406.665,0.0,28193.225,3302.6511,21300.963,0.0,8071.449,7568.9336,0.0,0.0,80400.0,41.91,-87.64,0.0
130,10270.008,0.0,17342.271,2480.6716,15892.323,0.0,7368.167,5218.908,0.0,0.0,81000.0,41.9,-87.63,0.0
131,18346.197,0.0,43371.867,1509.7605,24160.729,0.0,2926.4968,11919.433,0.0,0.0,81100.0,41.9,-87.63,0.0
132,23560.348,0.0,54479.797,2596.8757,31678.734,0.0,5393.2744,14865.696,0.0,0.0,81201.0,41.9,-87.63,0.0
133,5294.289,0.0,10377.271,1231.0178,7897.225,0.0,2978.2878,2795.592,0.0,0.0,81202.0,41.9,-87.62,0.0
134,5722.4893,0.0,11812.649,1185.8181,8238.151,0.0,2638.7383,3074.1863,0.0,0.0,81300.0,41.9,-87.62,0.0
135,12202.594,0.0,24154.426,2906.7722,18202.832,0.0,6954.65,6463.0996,0.0,0.0,81401.0,41.9,-87.62,0.0
136,24593.535,0.0,49816.61,5402.827,35818.15,0.0,12516.304,13133.759,0.0,0.0,81402.0,41.89,-87.61,0.0
137,10299.523,0.0,21218.547,2442.8806,15066.406,0.0,5300.81,5408.788,0.0,0.0,81403.0,41.89,-87.62,0.0
138,17334.883,0.0,37175.46,3293.2527,24590.14,0.0,7150.5947,9746.858,0.0,0.0,81500.0,41.89,-87.63,0.0
139,5961.066,0.0,14995.576,145.87236,7612.3115,0.0,114.900154,4250.0405,0.0,0.0,81600.0,41.89,-87.63,0.0
140,9890.716,0.0,25160.389,136.65703,12542.143,0.0,0.0,7177.38,0.0,0.0,81700.0,41.89,-87.63,0.0
141,7617.9043,0.0,17757.97,854.20685,10296.464,0.0,1715.4387,4851.576,0.0,0.0,81800.0,41.89,-87.64,0.0
142,9552.648,0.0,21256.074,1439.6345,13203.403,0.0,3086.7332,5690.7695,0.0,0.0,81900.0,41.9,-87.64,1.0
143,3886.294,0.0,9723.44,189.75322,5060.6606,0.0,185.32399,2708.5598,0.0,0.0,90100.0,42.02,-87.81,0.0
144,11571.091,0.0,21716.766,3695.7205,17681.139,0.0,8206.948,5192.6436,0.0,0.0,90200.0,42.01,-87.81,0.0
145,6887.7627,0.0,13728.559,1817.6257,10212.153,0.0,3998.2197,3430.0374,0.0,0.0,90300.0,42.0,-87.82,0.0
146,6906.9463,0.0,12657.321,2090.2825,10668.174,0.0,4952.4023,3230.0051,0.0,0.0,100100.0,41.99,-87.78,0.0
147,7753.694,0.0,18041.621,804.2664,10410.3545,0.0,1693.3176,4961.951,0.0,0.0,100200.0,42.0,-87.79,0.0
148,2663.914,0.0,8452.854,0.0,2813.112,0.0,0.0,2600.972,0.0,0.0,100300.0,41.99,-87.8,0.0
149,10744.93,0.0,22169.82,2404.9148,15575.444,0.0,5397.5444,5734.421,0.0,0.0,100400.0,41.99,-87.82,0.0
150,11611.846,0.0,25922.676,1806.53,16113.819,0.0,3787.4392,6915.9795,0.0,0.0,100500.0,41.98,-87.82,0.0
151,6981.6885,0.0,15716.626,605.31036,9116.11,0.0,1332.1755,4246.7812,0.0,0.0,100600.0,41.98,-87.8,0.0
152,3142.0283,0.0,7388.5557,282.53644,4228.003,0.0,598.2302,2063.551,0.0,0.0,100700.0,41.97,-87.8,0.0
153,8033.674,0.0,13942.05,1882.6335,12365.075,0.0,5562.453,4177.544,0.0,0.0,110100.0,41.99,-87.77,0.0
154,11637.463,0.0,26957.281,1285.4431,15658.614,0.0,2611.07,7341.3125,0.0,0.0,110200.0,41.98,-87.77,0.0
155,12270.452,0.0,23423.896,3865.28,18699.803,0.0,8462.52,5618.464,0.0,0.0,110300.0,41.98,-87.78,0.0
156,6792.9395,0.0,14607.969,1291.8997,9646.765,0.0,2767.4749,3823.7961,0.0,0.0,110400.0,41.97,-87.77,0.0
157,6941.1543,0.0,14123.897,1844.4548,10265.644,0.0,3908.4453,3499.7092,0.0,0.0,110501.0,41.98,-87.76,0.0
158,10613.547,0.0,21048.867,2974.7683,15868.883,0.0,6491.694,5201.754,0.0,0.0,110502.0,41.97,-87.76,0.0
159,4169.0693,0.0,10194.709,250.29863,5500.554,0.0,551.1255,2915.2844,0.0,0.0,120100.0,42.0,-87.78,0.0
160,8886.834,0.0,18992.764,1736.9519,12639.907,0.0,3758.7502,4958.4395,0.0,0.0,120200.0,41.99,-87.76,0.0
161,8781.324,0.0,17610.9,2253.3083,12954.485,0.0,4935.6455,4410.127,0.0,0.0,120300.0,41.99,-87.74,0.0
162,6105.5903,0.0,13546.744,998.85333,8527.329,0.0,2098.4236,3602.8167,0.0,0.0,120400.0,41.98,-87.75,0.0
163,6693.661,0.0,14640.013,1246.9802,9457.347,0.0,2552.61,3813.221,0.0,0.0,130100.0,41.99,-87.72,0.0
164,9462.078,0.0,20831.268,1676.737,13286.172,0.0,3457.1492,5463.917,0.0,0.0,130200.0,41.98,-87.73,0.0
165,5915.1045,0.0,15839.827,0.0,6744.667,0.0,0.0,4649.5347,0.0,0.0,130300.0,41.99,-87.71,0.0
166,4814.78,0.0,9403.274,1189.5569,7209.9404,0.0,2806.5217,2482.0652,0.0,0.0,140100.0,41.97,-87.71,0.0
167,5752.9287,0.0,14482.213,144.5374,7355.7427,0.0,112.08619,4104.5347,0.0,0.0,140200.0,41.97,-87.71,0.0
168,8864.942,0.0,17427.28,2022.2205,13131.525,0.0,4919.3604,4700.369,0.0,0.0,140301.0,41.97,-87.72,1.0
169,2168.5383,0.0,6072.4624,0.0,2627.0305,0.0,0.0,1757.3489,0.0,0.0,140302.0,41.97,-87.72,0.0
170,3035.0515,0.0,7665.1245,30.209763,3887.033,0.0,1.9375098,2211.6377,0.0,0.0,140400.0,41.97,-87.74,0.0
171,4621.8223,0.0,14251.239,0.0,4692.0234,0.0,0.0,4474.2856,0.0,0.0,140500.0,41.97,-87.73,0.0
172,12564.662,0.0,32257.906,0.0,15645.243,0.0,0.0,9209.651,0.0,0.0,140601.0,41.96,-87.73,0.0
173,9809.184,0.0,20722.441,2350.9597,14274.666,0.0,4830.6465,5215.384,0.0,0.0,140602.0,41.96,-87.72,0.0
174,4038.1406,0.0,9086.626,674.38654,5680.328,0.0,1304.1611,2396.7522,0.0,0.0,140701.0,41.97,-87.71,0.0
175,5028.878,0.0,12305.379,265.5677,6548.0527,0.0,485.77612,3466.512,0.0,0.0,140702.0,41.96,-87.71,0.0
176,3922.829,0.0,8687.814,728.85333,5578.0923,0.0,1449.0977,2273.1697,0.0,0.0,140800.0,41.96,-87.7,0.0
177,9907.861,0.0,19692.13,2705.6501,14758.732,0.0,5882.8564,4873.5596,0.0,0.0,150200.0,41.96,-87.75,0.0
178,12965.398,0.0,27128.518,2705.5427,18627.203,0.0,6012.795,7060.55,0.0,0.0,150300.0,41.96,-87.76,0.0
179,7332.802,0.0,17593.203,561.11115,9684.162,0.0,1190.2747,4934.7637,0.0,0.0,150401.0,41.96,-87.77,0.0
180,7327.095,0.0,16723.955,1016.1385,10053.056,0.0,2073.4382,4500.377,0.0,0.0,150402.0,41.96,-87.77,0.0
181,8432.285,0.0,16782.459,2246.8982,12530.374,0.0,4964.091,4198.922,0.0,0.0,150501.0,41.96,-87.78,0.0
182,6169.1943,0.0,12915.76,1517.3079,9002.49,0.0,3065.3918,3205.139,0.0,0.0,150502.0,41.96,-87.78,0.0
183,19927.742,0.0,42670.125,3723.1902,28160.438,0.0,8151.8613,11194.101,0.0,0.0,150600.0,41.95,-87.77,0.0
184,4759.19,0.0,10766.408,642.5452,6559.542,0.0,1432.6199,2949.6716,0.0,0.0,150700.0,41.95,-87.76,0.0
185,3255.0527,0.0,10075.117,0.0,3107.8386,0.0,0.0,3251.6985,0.0,0.0,150800.0,41.95,-87.75,0.0
186,7981.916,0.0,16184.08,1892.5452,11682.591,0.0,4242.2363,4144.282,0.0,0.0,151001.0,41.94,-87.75,0.0
187,9782.839,0.0,20919.16,1919.0935,13934.924,0.0,4161.503,5470.1934,0.0,0.0,151002.0,41.94,-87.75,0.0
188,6550.3164,0.0,15020.981,836.7376,8944.395,0.0,1757.863,4087.714,0.0,0.0,151100.0,41.94,-87.76,0.0
189,20127.918,0.0,58661.938,0.0,22050.336,0.0,0.0,17750.256,0.0,0.0,151200.0,41.94,-87.77,0.0
190,6584.896,0.0,13990.476,1374.2698,9466.509,0.0,2926.5752,3622.1453,0.0,0.0,160100.0,41.96,-87.74,0.0
191,4951.4346,0.0,10784.816,907.6785,7036.6514,0.0,1926.6067,2849.403,0.0,0.0,160200.0,41.96,-87.74,0.0
192,4859.35,0.0,13323.741,0.0,5743.8066,0.0,0.0,3969.3293,0.0,0.0,160300.0,41.96,-87.73,1.0
193,16082.301,0.0,37981.3,1406.948,21364.648,0.0,2855.9695,10504.054,0.0,0.0,160400.0,41.96,-87.72,0.0
194,11230.542,0.0,23068.846,2638.7195,16352.345,0.0,5782.476,5877.949,0.0,0.0,160501.0,41.96,-87.71,0.0
195,4234.395,0.0,11096.192,0.0,5211.443,0.0,0.0,3288.3445,0.0,0.0,160502.0,41.96,-87.71,0.0
196,1452.1646,0.0,4080.2505,0.0,1852.0994,0.0,0.0,1263.8969,0.0,0.0,160601.0,41.96,-87.7,0.0
197,11880.736,0.0,25785.559,2275.9958,16854.926,0.0,4817.2354,6746.1396,0.0,0.0,160602.0,41.96,-87.7,0.0
198,15520.477,0.0,38414.42,574.8875,19909.762,0.0,871.4324,10829.485,0.0,0.0,160700.0,41.95,-87.7,0.0
199,3051.9854,0.0,7693.524,81.82622,3946.091,0.0,82.94166,2198.7957,0.0,0.0,160800.0,41.95,-87.71,0.0
200,24114.05,0.0,55767.504,2636.4304,32419.467,0.0,5494.698,15233.237,0.0,0.0,160900.0,41.95,-87.72,0.0
201,5853.626,0.0,14557.499,293.61993,7573.0967,0.0,364.33276,4052.3044,0.0,0.0,161000.0,41.95,-87.73,0.0
202,20385.303,0.0,45744.508,2879.6296,27992.05,0.0,6121.3594,12290.872,0.0,0.0,161100.0,41.95,-87.74,0.0
203,1586.9661,0.0,5294.389,0.0,1689.928,0.0,0.0,1597.5405,0.0,0.0,161200.0,41.94,-87.74,0.0
204,9437.73,0.0,18993.91,2463.6697,13959.03,0.0,5386.149,4758.046,0.0,0.0,161300.0,41.94,-87.73,0.0
205,6463.884,0.0,13673.601,1232.1292,9268.442,0.0,2767.5852,3647.9006,0.0,0.0,170100.0,41.96,-87.79,0.0
206,5924.2456,0.0,13048.338,1106.6741,8382.003,0.0,2209.2217,3391.5574,0.0,0.0,170200.0,41.95,-87.78,0.0
207,9217.475,0.0,21383.12,1039.3816,12503.905,0.0,2137.9905,5861.211,0.0,0.0,170300.0,41.95,-87.8,0.0
208,5261.2266,0.0,12836.748,258.722,6849.6436,0.0,500.9143,3632.302,0.0,0.0,170400.0,41.95,-87.81,0.0
209,18108.941,0.0,44148.137,752.8094,23235.27,0.0,1340.1863,12396.767,0.0,0.0,170500.0,41.95,-87.83,0.0
210,18258.38,0.0,48355.637,0.0,22163.477,0.0,0.0,14070.487,0.0,0.0,170600.0,41.94,-87.83,0.0
211,15607.854,0.0,31027.793,3382.0847,22896.49,0.0,8267.807,8411.796,0.0,0.0,170700.0,41.94,-87.82,0.0
212,13401.739,0.0,23380.947,3715.5203,20821.799,0.0,9849.299,6511.3906,0.0,0.0,170800.0,41.94,-87.81,0.0
213,8926.252,0.0,19880.025,1408.0212,12420.389,0.0,2950.3762,5300.13,0.0,0.0,170900.0,41.94,-87.81,0.0
214,5257.1523,0.0,12632.44,493.4793,7016.494,0.0,812.0305,3441.4827,0.0,0.0,171000.0,41.94,-87.8,0.0
215,3987.595,0.0,10788.414,0.0,4712.085,0.0,0.0,3170.3176,0.0,0.0,171100.0,41.94,-87.78,0.0
216,2163.2034,0.0,6929.0376,0.0,1953.682,0.0,0.0,2290.1592,0.0,0.0,180100.0,41.93,-87.8,0.0
217,5252.5225,0.0,14129.979,0.0,6318.634,0.0,0.0,4109.4146,0.0,0.0,190100.0,41.94,-87.74,1.0
218,7183.1035,0.0,15706.352,1243.8386,10099.96,0.0,2702.6956,4176.0312,0.0,0.0,190200.0,41.94,-87.75,0.0
219,4918.49,0.0,15075.832,0.0,4976.463,0.0,0.0,4723.109,0.0,0.0,190300.0,41.93,-87.76,1.0
220,3350.6587,0.0,8915.209,0.0,4036.0085,0.0,0.0,2693.55,0.0,0.0,190401.0,41.93,-87.78,0.0
221,19817.273,0.0,43895.86,2286.784,26498.973,0.0,5081.718,11781.726,0.0,0.0,190402.0,41.93,-87.77,0.0
222,7577.4883,0.0,16716.873,1238.99,10574.882,0.0,2643.298,4446.8955,0.0,0.0,190601.0,41.93,-87.78,0.0
223,14050.559,0.0,28884.688,2979.2302,20254.938,0.0,6918.0215,7569.117,0.0,0.0,190602.0,41.93,-87.77,0.0
224,5058.122,0.0,11115.5625,808.4544,7081.462,0.0,1763.8169,2981.2668,0.0,0.0,190701.0,41.93,-87.76,0.0
225,4938.329,0.0,11769.869,345.0921,6505.706,0.0,648.6736,3268.0442,0.0,0.0,190702.0,41.93,-87.76,0.0
226,5451.252,0.0,11556.668,1248.428,7910.4834,0.0,2604.9736,2947.5276,0.0,0.0,190800.0,41.93,-87.75,0.0
227,5542.704,0.0,14352.347,0.0,6883.046,0.0,0.0,4139.0605,0.0,0.0,190900.0,41.93,-87.74,0.0
228,3227.4375,0.0,6007.679,745.1993,4955.204,0.0,1971.8643,1729.3755,0.0,0.0,191000.0,41.92,-87.74,1.0
229,16218.702,0.0,35058.793,3092.8972,22957.99,0.0,6623.714,9172.563,0.0,0.0,191100.0,41.92,-87.75,0.0
230,5312.2466,0.0,11476.274,894.22296,7424.7354,0.0,1938.5586,3027.0554,0.0,0.0,191200.0,41.92,-87.76,0.0
231,3628.8193,0.0,10111.941,0.0,4287.0566,0.0,0.0,2981.595,0.0,0.0,191301.0,41.92,-87.78,0.0
232,4080.1184,0.0,10249.59,188.00175,5280.658,0.0,239.11964,2880.4602,0.0,0.0,191302.0,41.92,-87.77,0.0
233,7857.993,0.0,15439.198,2335.717,11833.789,0.0,4980.8403,3726.0496,0.0,0.0,200100.0,41.94,-87.74,0.0
234,4243.6504,0.0,9525.149,744.4163,5980.7534,0.0,1472.7991,2508.9055,0.0,0.0,200200.0,41.93,-87.74,0.0
235,6802.0625,0.0,15181.484,1035.8562,9447.816,0.0,2152.677,4054.5408,0.0,0.0,200300.0,41.92,-87.73,0.0
236,4723.385,0.0,11296.86,388.90314,6278.9272,0.0,720.0012,3126.1228,0.0,0.0,200401.0,41.92,-87.74,0.0
237,17306.549,0.0,37858.73,2984.7234,24229.264,0.0,6342.2217,9982.669,0.0,0.0,200402.0,41.92,-87.73,0.0
238,16131.557,0.0,36038.113,2238.3972,22198.203,0.0,4985.332,9782.427,0.0,0.0,210100.0,41.94,-87.7,0.0
239,5601.665,0.0,10299.955,1380.9817,8548.021,0.0,3612.507,2881.5798,0.0,0.0,210400.0,41.94,-87.73,0.0
240,11370.902,0.0,23725.658,2418.4607,16357.979,0.0,5357.0796,6149.55,0.0,0.0,210501.0,41.94,-87.72,1.0
241,21129.904,0.0,45016.52,4001.5828,29971.365,0.0,8974.905,11878.69,0.0,0.0,210502.0,41.93,-87.72,1.0
242,3888.8367,0.0,9199.219,495.20392,5312.917,0.0,836.07886,2460.0867,0.0,0.0,210601.0,41.94,-87.71,0.0
243,10811.201,0.0,22100.092,2688.6404,15855.036,0.0,5828.0586,5572.3867,0.0,0.0,210602.0,41.93,-87.71,0.0
244,9225.655,0.0,19881.11,1825.0564,13203.602,0.0,3876.0583,5201.84,0.0,0.0,210700.0,41.94,-87.7,0.0
245,9399.538,0.0,19838.398,2005.325,13512.745,0.0,4309.367,5115.834,0.0,0.0,210800.0,41.94,-87.7,0.0
246,5178.574,0.0,11513.716,850.69806,7277.024,0.0,1779.6514,3075.2585,0.0,0.0,210900.0,41.93,-87.69,0.0
247,14989.0,0.0,27728.506,3813.2615,22671.664,0.0,9728.419,7537.3604,0.0,0.0,220300.0,41.93,-87.7,1.0
248,10928.74,0.0,23734.91,2113.285,15652.335,0.0,4472.2153,6251.5205,0.0,0.0,220400.0,41.93,-87.7,0.0
249,13560.516,0.0,30511.285,1963.4988,18674.746,0.0,4104.714,8179.741,0.0,0.0,220500.0,41.93,-87.7,0.0
250,3176.6704,0.0,7843.262,90.89458,4101.174,0.0,134.7488,2233.499,0.0,0.0,220601.0,41.93,-87.71,0.0
251,2750.8389,0.0,7598.267,0.0,3247.5388,0.0,0.0,2285.8645,0.0,0.0,220602.0,41.93,-87.71,1.0
252,15248.587,0.0,33248.7,2771.319,21508.283,0.0,5845.4414,8731.353,0.0,0.0,220701.0,41.93,-87.72,0.0
253,5872.6987,0.0,12809.671,992.1912,8253.925,0.0,2136.78,3402.7454,0.0,0.0,220702.0,41.93,-87.72,0.0
254,5092.7783,0.0,13231.997,0.0,6391.893,0.0,0.0,3786.6682,0.0,0.0,220901.0,41.92,-87.72,1.0
255,9008.581,0.0,19632.242,1710.8191,12727.212,0.0,3525.991,5098.91,0.0,0.0,220902.0,41.92,-87.72,1.0
256,8126.659,0.0,21896.137,0.0,9703.615,0.0,0.0,6427.9365,0.0,0.0,221000.0,41.92,-87.72,0.0
257,11339.605,0.0,23006.19,2978.3318,16747.822,0.0,6324.337,5702.289,0.0,0.0,221100.0,41.92,-87.71,0.0
258,10436.263,0.0,24814.998,888.86017,13859.773,0.0,1691.3533,6847.9395,0.0,0.0,221200.0,41.92,-87.7,0.0
259,8316.574,0.0,18890.729,1161.366,11436.255,0.0,2344.5618,5066.9463,0.0,0.0,221300.0,41.92,-87.7,0.0
260,4477.901,0.0,10913.696,211.57011,5853.47,0.0,488.7234,3129.3787,0.0,0.0,221400.0,41.92,-87.69,0.0
261,5769.2437,0.0,11859.041,1358.8743,8434.886,0.0,2968.3235,3029.2205,0.0,0.0,221500.0,41.92,-87.69,0.0
262,13659.328,0.0,26667.006,3416.2732,20295.28,0.0,7984.8535,6919.215,0.0,0.0,221600.0,41.92,-87.69,0.0
263,23463.238,0.0,54566.754,2433.8738,31404.86,0.0,5040.0986,14939.034,0.0,0.0,222200.0,41.92,-87.68,0.0
264,9148.908,0.0,18621.56,2342.8865,13468.751,0.0,5063.1865,4668.617,0.0,0.0,222500.0,41.92,-87.7,1.0
265,5542.665,0.0,13168.872,531.06036,7415.9053,0.0,1033.3762,3630.968,0.0,0.0,222600.0,41.92,-87.7,0.0
266,8572.354,0.0,19462.895,1206.2908,11782.375,0.0,2506.2234,5240.99,0.0,0.0,222700.0,41.92,-87.71,0.0
267,9067.581,0.0,17492.906,2210.284,13548.353,0.0,5327.505,4661.074,0.0,0.0,222800.0,41.92,-87.72,0.0
268,10873.324,0.0,24882.102,1381.987,14813.006,0.0,2823.5496,6725.376,0.0,0.0,222900.0,41.92,-87.72,1.0
269,6222.9385,0.0,14533.963,650.54767,8376.881,0.0,1360.7317,4005.284,0.0,0.0,230100.0,41.91,-87.7,0.0
270,2964.4683,0.0,9597.654,0.0,2982.7996,0.0,0.0,3001.4268,0.0,0.0,230200.0,41.91,-87.71,0.0
271,5678.1895,0.0,13501.67,410.91583,7532.8013,0.0,892.7976,3801.9646,0.0,0.0,230300.0,41.91,-87.71,0.0
272,4431.666,0.0,11471.601,0.0,5481.507,0.0,0.0,3371.951,0.0,0.0,230400.0,41.91,-87.72,1.0
273,14394.301,0.0,30853.232,2699.5652,20456.932,0.0,6011.318,8171.1885,0.0,0.0,230500.0,41.91,-87.73,1.0
274,4824.4873,0.0,11522.471,532.33624,6531.322,0.0,853.886,3105.2102,0.0,0.0,230600.0,41.91,-87.73,0.0
275,21384.992,0.0,53746.117,513.59064,27111.29,0.0,468.10815,15196.169,0.0,0.0,230700.0,41.91,-87.72,0.0
276,4246.756,0.0,10167.525,421.7176,5686.638,0.0,716.1223,2766.6125,0.0,0.0,230800.0,41.91,-87.71,1.0
277,19130.387,0.0,41412.28,3413.153,26985.111,0.0,7609.4277,11021.315,0.0,0.0,230900.0,41.91,-87.71,1.0
278,2066.3564,0.0,6895.5366,0.0,1409.07,0.0,0.0,2468.9329,0.0,0.0,231100.0,41.9,-87.72,0.0
279,20519.424,0.0,48404.98,1739.0964,27171.215,0.0,3595.6082,13401.638,0.0,0.0,231200.0,41.9,-87.72,0.0
280,7072.9624,0.0,15022.583,1396.679,10090.393,0.0,3106.5352,3946.568,0.0,0.0,231500.0,41.89,-87.72,0.0
281,12146.48,0.0,26493.887,2117.6882,17038.86,0.0,4487.457,6972.9053,0.0,0.0,240200.0,41.91,-87.67,0.0
282,7215.173,0.0,15496.508,1448.7175,10309.081,0.0,3039.6401,4019.1746,0.0,0.0,240300.0,41.91,-87.68,0.0
283,6738.186,0.0,15367.267,956.7342,9272.0205,0.0,1961.6848,4136.5156,0.0,0.0,240500.0,41.91,-87.68,0.0
284,4863.866,0.0,11656.525,370.92072,6446.8564,0.0,772.16235,3270.533,0.0,0.0,240600.0,41.91,-87.69,0.0
285,11726.198,0.0,32892.62,0.0,13636.153,0.0,0.0,9735.851,0.0,0.0,240700.0,41.91,-87.69,0.0
286,3231.0435,0.0,9029.236,0.0,3777.8335,0.0,0.0,2723.3323,0.0,0.0,240800.0,41.91,-87.7,0.0
287,14422.453,0.0,27747.475,4428.132,21816.64,0.0,9571.304,6631.24,0.0,0.0,240900.0,41.9,-87.7,0.0
288,5942.737,0.0,12787.742,1184.3782,8500.753,0.0,2439.6584,3309.0989,0.0,0.0,241000.0,41.91,-87.69,1.0
289,2001.6696,0.0,5583.275,0.0,0.0,248.6937,0.0,3037.0657,1365.6224,0.0,241100.0,41.91,-87.69,1.0
290,11527.614,0.0,25835.518,1749.614,15978.998,0.0,3634.0847,6904.6113,0.0,0.0,241200.0,41.91,-87.68,0.0
291,10845.197,0.0,22345.672,2403.5017,15689.707,0.0,5354.184,5758.4404,0.0,0.0,241300.0,41.91,-87.68,0.0
292,6921.592,0.0,15292.854,1198.2131,9736.589,0.0,2492.779,4044.9363,0.0,0.0,241400.0,41.91,-87.68,0.0
293,5504.9624,0.0,12211.722,838.264,7653.998,0.0,1820.1064,3284.8206,0.0,0.0,241500.0,41.91,-87.67,0.0
294,11983.416,0.0,22723.527,3371.7712,18041.176,0.0,7691.1426,5687.1797,0.0,0.0,241600.0,41.91,-87.67,0.0
295,6396.6084,0.0,14431.697,994.3387,8921.632,0.0,2020.7249,3859.8435,0.0,0.0,242000.0,41.9,-87.66,1.0
296,8064.7544,0.0,18597.71,1029.157,10992.353,0.0,2109.9753,5047.3936,0.0,0.0,242100.0,41.9,-87.67,0.0
297,8793.516,0.0,24333.379,0.0,10284.483,0.0,0.0,7213.01,0.0,0.0,242200.0,41.9,-87.67,0.0
298,13801.967,0.0,30665.168,2141.4265,19187.629,0.0,4602.9795,8220.145,0.0,0.0,242300.0,41.9,-87.68,0.0
299,9776.432,0.0,20149.795,2187.5017,14162.931,0.0,4897.577,5201.76,0.0,0.0,242400.0,41.9,-87.68,0.0
300,7107.509,0.0,21672.416,0.0,6237.038,0.0,0.0,7101.953,0.0,0.0,242500.0,41.9,-87.69,0.0
301,5590.2686,0.0,11273.871,1599.1931,8369.692,0.0,3328.828,2742.6477,0.0,0.0,242600.0,41.9,-87.69,0.0
302,9248.494,0.0,17283.242,2391.7205,13988.839,0.0,5938.0073,4626.551,0.0,0.0,242700.0,41.9,-87.7,0.0
303,3582.4045,0.0,8170.84,409.2166,4902.1133,0.0,921.69995,2265.575,0.0,0.0,242800.0,41.89,-87.69,1.0
304,13461.216,0.0,23835.047,3658.7654,20780.293,0.0,9585.151,6599.4453,0.0,0.0,242900.0,41.89,-87.68,0.0
305,12736.533,0.0,28730.328,1747.8884,17526.986,0.0,3765.278,7790.459,0.0,0.0,243000.0,41.89,-87.68,0.0
306,2921.7207,0.0,9016.463,0.0,2724.36,0.0,0.0,2906.0334,0.0,0.0,243100.0,41.89,-87.67,1.0
307,6912.009,0.0,15162.2,1280.283,9727.79,0.0,2666.7668,3963.9187,0.0,0.0,243200.0,41.89,-87.67,0.0
308,3274.7559,0.0,8191.7993,61.55986,4177.9956,0.0,18.875986,2321.0332,0.0,0.0,243300.0,41.89,-87.66,0.0
309,10937.691,0.0,29606.285,0.0,12806.255,0.0,0.0,8744.396,0.0,0.0,243400.0,41.89,-87.66,0.0
310,5873.8667,0.0,14927.924,70.42607,7450.2793,0.0,0.0,4245.1084,0.0,0.0,243500.0,41.89,-87.65,0.0
311,17996.62,0.0,53848.12,0.0,18743.477,0.0,0.0,16607.217,0.0,0.0,250200.0,41.91,-87.75,0.0
312,4854.202,0.0,10767.429,751.3035,6772.5576,0.0,1683.6423,2919.5461,0.0,0.0,250300.0,41.91,-87.76,0.0
313,9806.238,0.0,19820.732,2485.2292,14446.274,0.0,5470.925,5001.4473,0.0,0.0,250400.0,41.91,-87.78,0.0
314,3575.6475,0.0,8776.506,296.53302,4749.057,0.0,446.12964,2412.7917,0.0,0.0,250500.0,41.91,-87.8,0.0
315,8118.4097,0.0,15560.656,1621.3118,12056.464,0.0,4474.3115,4492.995,0.0,0.0,250600.0,41.91,-87.77,0.0
316,14454.5,0.0,31235.998,2682.6472,20423.83,0.0,5773.9326,8199.532,0.0,0.0,250700.0,41.91,-87.76,0.0
317,3871.5317,0.0,8572.2295,661.11847,5455.6694,0.0,1380.354,2278.6687,0.0,0.0,250800.0,41.91,-87.75,0.0
318,7851.8105,0.0,18602.348,699.1961,10426.735,0.0,1408.9822,5141.003,0.0,0.0,251000.0,41.9,-87.74,0.0
319,4359.76,0.0,9947.22,531.8875,5930.9204,0.0,1189.3809,2731.8918,0.0,0.0,251100.0,41.9,-87.75,1.0
320,5742.0967,0.0,16435.42,0.0,6532.762,0.0,0.0,4933.1187,0.0,0.0,251200.0,41.9,-87.76,0.0
321,12209.716,0.0,35326.74,0.0,13573.497,0.0,0.0,10720.479,0.0,0.0,251300.0,41.9,-87.77,0.0
322,4556.4287,0.0,10916.667,409.91925,6099.0703,0.0,799.4949,3034.9695,0.0,0.0,251400.0,41.89,-87.77,1.0
323,7283.3916,0.0,16218.721,1153.9119,10142.651,0.0,2408.2537,4320.573,0.0,0.0,251500.0,41.89,-87.76,1.0
324,6456.0015,0.0,15679.795,533.03156,8513.466,0.0,882.37524,4303.433,0.0,0.0,251600.0,41.89,-87.75,0.0
325,6235.2373,0.0,13023.803,1402.7278,9063.943,0.0,3041.744,3354.7444,0.0,0.0,251700.0,41.89,-87.74,0.0
326,3548.3271,0.0,10885.508,0.0,3158.9646,0.0,0.0,3616.0999,0.0,0.0,251800.0,41.88,-87.75,0.0
327,5803.741,0.0,11700.217,1460.6799,8560.044,0.0,3211.5117,2953.6384,0.0,0.0,251900.0,41.88,-87.76,1.0
328,6321.921,0.0,14630.63,819.29425,8629.945,0.0,1584.6472,3939.0847,0.0,0.0,252000.0,41.88,-87.77,0.0
329,10457.813,0.0,21945.158,2230.74,15033.044,0.0,4840.3735,5659.667,0.0,0.0,252101.0,41.87,-87.77,0.0
330,19006.52,0.0,47068.062,673.0887,24335.16,0.0,1085.53,13301.843,0.0,0.0,252102.0,41.88,-87.76,0.0
331,9323.375,0.0,18446.72,2546.7917,13883.9795,0.0,5679.8496,4606.7744,0.0,0.0,252201.0,41.88,-87.75,0.0
332,15547.521,0.0,31670.1,3486.3855,22606.016,0.0,7942.563,8237.046,0.0,0.0,252202.0,41.88,-87.74,0.0
333,5750.6333,0.0,13068.89,983.3167,8023.624,0.0,1799.6025,3392.0618,0.0,0.0,260100.0,41.88,-87.72,0.0
334,21956.938,0.0,49700.1,2979.778,30028.05,0.0,6198.3096,13363.991,0.0,0.0,260200.0,41.88,-87.73,0.0
335,10311.912,0.0,22263.504,1929.1013,14593.351,0.0,4167.8486,5849.205,0.0,0.0,260300.0,41.88,-87.73,0.0
336,8849.4375,0.0,20474.506,1136.9177,12078.954,0.0,2261.549,5540.3076,0.0,0.0,260400.0,41.88,-87.74,0.0
337,3731.0159,0.0,8032.6914,748.1014,5364.4316,0.0,1544.6699,2087.6907,0.0,0.0,260500.0,41.88,-87.74,0.0
338,6570.914,0.0,13581.676,1577.5496,9598.095,0.0,3380.6477,3440.0525,0.0,0.0,260600.0,41.88,-87.73,0.0
339,6353.1133,0.0,12558.301,1910.8132,9593.05,0.0,3995.914,3011.1716,0.0,0.0,260700.0,41.88,-87.73,0.0
340,1078.051,0.0,3133.9055,0.0,0.0,298.17184,0.0,1755.6013,867.85864,3.4382935,260800.0,41.88,-87.72,0.0
341,3833.4365,0.0,8933.429,398.57306,5183.7046,0.0,812.96924,2460.0676,0.0,0.0,260900.0,41.87,-87.72,1.0
342,16743.822,0.0,37044.2,2601.1707,23234.371,0.0,5596.3877,9896.954,0.0,0.0,261000.0,41.87,-87.73,0.0
343,6096.0293,0.0,13670.26,960.4334,8474.319,0.0,1967.2961,3636.93,0.0,0.0,270500.0,41.88,-87.72,0.0
344,5190.2134,0.0,11228.197,980.95685,7406.1865,0.0,2129.0583,2972.7166,0.0,0.0,271200.0,41.88,-87.7,0.0
345,6258.4717,0.0,12707.518,1524.4988,9230.6045,0.0,3391.2473,3254.8943,0.0,0.0,271300.0,41.88,-87.71,0.0
346,7156.5254,0.0,15190.988,1424.5828,10144.288,0.0,3009.9226,3902.618,0.0,0.0,271400.0,41.88,-87.71,0.0
347,2693.7026,0.0,6805.486,74.27153,3499.6006,0.0,70.364265,1948.4824,0.0,0.0,271500.0,41.87,-87.71,1.0
348,13175.475,0.0,25092.316,3888.6628,19990.164,0.0,8780.4795,6226.327,0.0,0.0,271800.0,41.87,-87.7,0.0
349,5710.424,0.0,11531.998,1383.6052,8388.904,0.0,3087.1096,2941.175,0.0,0.0,280100.0,41.89,-87.64,0.0
350,8896.376,0.0,19744.412,1433.2136,12373.708,0.0,3028.7117,5251.085,0.0,0.0,280400.0,41.89,-87.67,1.0
351,6590.254,0.0,13324.502,1573.7542,9627.323,0.0,3563.9185,3410.9915,0.0,0.0,280800.0,41.88,-87.69,0.0
352,6786.135,0.0,13219.796,1531.5417,9993.721,0.0,3816.905,3539.073,0.0,0.0,280900.0,41.88,-87.69,0.0
353,3623.7048,0.0,10210.128,0.0,4276.8535,0.0,0.0,3054.0808,0.0,0.0,281900.0,41.88,-87.64,0.0
354,7820.2783,0.0,16333.156,1800.5261,11350.789,0.0,3832.5051,4157.584,0.0,0.0,282700.0,41.87,-87.69,0.0
355,14777.059,0.0,32740.828,1874.2742,19998.375,0.0,4066.4343,8766.724,0.0,0.0,282800.0,41.87,-87.68,0.0
356,6205.1978,0.0,13749.638,981.0496,8651.407,0.0,2141.4382,3694.8147,0.0,0.0,283100.0,41.87,-87.66,0.0
357,24699.246,0.0,50349.434,5004.1904,35693.766,0.0,11966.457,13524.653,0.0,0.0,283200.0,41.87,-87.66,0.0
358,6140.6724,0.0,13168.711,1309.4656,8815.808,0.0,2704.1333,3378.0823,0.0,0.0,283800.0,41.86,-87.65,0.0
359,6462.7456,0.0,13317.548,1589.0632,9482.899,0.0,3400.049,3364.5027,0.0,0.0,290900.0,41.86,-87.73,1.0
360,7062.046,0.0,15353.372,1275.2961,9978.731,0.0,2721.6658,4047.486,0.0,0.0,291200.0,41.86,-87.71,0.0
361,6469.656,0.0,13964.436,1206.1497,9176.308,0.0,2623.4016,3683.4983,0.0,0.0,291600.0,41.86,-87.69,1.0
362,3933.0876,0.0,9031.169,522.6004,5429.957,0.0,1030.5259,2444.0237,0.0,0.0,292200.0,41.86,-87.72,0.0
363,6615.8438,0.0,12484.544,2075.699,10120.757,0.0,4636.4478,3023.5984,0.0,0.0,292400.0,41.86,-87.72,0.0
364,7744.287,0.0,14438.419,2683.0466,11961.696,0.0,5680.838,3295.0203,0.0,0.0,292500.0,41.86,-87.73,0.0
365,11513.658,0.0,27988.822,609.84845,14921.439,0.0,1121.072,7841.91,0.0,0.0,300500.0,41.85,-87.72,1.0
366,5277.674,0.0,11709.6875,960.4534,7424.0503,0.0,1873.3103,3035.506,0.0,0.0,300600.0,41.85,-87.72,0.0
367,6483.0186,0.0,12850.655,1823.2981,9696.933,0.0,3941.3828,3159.1838,0.0,0.0,300700.0,41.85,-87.71,0.0
368,3573.395,0.0,8376.452,384.22882,4845.404,0.0,777.6106,2308.991,0.0,0.0,300800.0,41.85,-87.71,1.0
369,9871.305,0.0,22158.58,1288.1365,13541.742,0.0,2856.9197,6039.214,0.0,0.0,300900.0,41.85,-87.7,1.0
370,7873.3613,0.0,16741.936,1665.573,11314.241,0.0,3485.2258,4301.9404,0.0,0.0,301100.0,41.85,-87.7,1.0
371,15569.191,0.0,32577.408,3361.1365,22409.45,0.0,7316.069,8391.688,0.0,0.0,301200.0,41.85,-87.69,1.0
372,8989.354,0.0,18994.865,1933.7664,12937.471,0.0,4127.3843,4888.8145,0.0,0.0,301600.0,41.84,-87.71,1.0
373,6860.696,0.0,13125.254,2154.533,10545.101,0.0,4769.7266,3204.7542,0.0,0.0,301701.0,41.84,-87.72,0.0
374,11423.229,0.0,24914.041,2025.6521,16098.647,0.0,4349.0225,6589.206,0.0,0.0,301702.0,41.84,-87.72,0.0
375,6574.042,0.0,15288.781,730.6683,8869.06,0.0,1505.9519,4185.212,0.0,0.0,301801.0,41.84,-87.74,0.0
376,5674.677,0.0,11992.651,1347.7385,8266.214,0.0,2736.214,3014.1316,0.0,0.0,301802.0,41.85,-87.73,0.0
377,9304.645,0.0,19000.926,2307.1384,13676.054,0.0,5033.0063,4813.117,0.0,0.0,301803.0,41.84,-87.73,0.0
378,4124.667,0.0,11192.105,0.0,4928.027,0.0,0.0,3396.0598,0.0,0.0,310200.0,41.86,-87.64,0.0
379,13266.617,0.0,26785.969,3393.827,19540.217,0.0,7338.663,6690.3623,0.0,0.0,310300.0,41.86,-87.65,0.0
380,4802.6484,0.0,11315.441,430.59308,6425.6963,0.0,939.9817,3162.223,0.0,0.0,310400.0,41.86,-87.65,0.0
381,12519.996,0.0,26260.553,2564.4724,17923.049,0.0,5731.326,6852.333,0.0,0.0,310500.0,41.86,-87.65,0.0
382,5968.648,0.0,10659.215,1541.9924,9180.224,0.0,4120.2725,3000.2776,0.0,0.0,310600.0,41.86,-87.66,1.0
383,6906.6167,0.0,13767.118,1925.5623,10296.624,0.0,4208.1143,3409.1672,0.0,0.0,310700.0,41.86,-87.66,0.0
384,6943.431,0.0,16873.672,373.13654,9031.625,0.0,682.2468,4733.716,0.0,0.0,310800.0,41.86,-87.67,0.0
385,19676.934,0.0,39003.59,4524.417,28942.38,0.0,10786.691,10332.0205,0.0,0.0,310900.0,41.86,-87.67,1.0
386,6654.9688,0.0,14415.501,1343.5178,9492.41,0.0,2818.6328,3746.9636,0.0,0.0,320100.0,41.89,-87.62,0.0
387,7403.4854,0.0,15293.15,1750.2073,10805.91,0.0,3745.0178,3878.0203,0.0,0.0,320400.0,41.88,-87.62,0.0
388,7683.791,0.0,17291.121,1204.405,10732.095,0.0,2431.7458,4613.2812,0.0,0.0,320600.0,41.87,-87.62,0.0
389,3857.7656,0.0,8057.6797,903.7581,5662.242,0.0,1886.4316,2050.9573,0.0,0.0,330100.0,41.86,-87.62,1.0
390,4533.1025,0.0,9588.967,954.7713,6561.2637,0.0,2000.8958,2475.3083,0.0,0.0,330200.0,41.87,-87.63,0.0
391,15299.357,0.0,46175.16,0.0,15954.317,0.0,0.0,14208.483,0.0,0.0,340300.0,41.84,-87.64,0.0
392,12781.424,0.0,27812.225,2235.0261,17907.102,0.0,4775.16,7316.3506,0.0,0.0,340400.0,41.84,-87.63,0.0
393,10125.6875,0.0,22963.453,1417.8533,13937.989,0.0,3005.5535,6213.173,0.0,0.0,340500.0,41.83,-87.63,0.0
394,3072.1401,0.0,8041.618,0.0,3845.4307,0.0,0.0,2349.5547,0.0,0.0,340600.0,41.83,-87.63,1.0
395,2357.436,0.0,5340.1294,150.53764,3127.722,0.0,488.50317,1544.4304,0.0,0.0,350100.0,41.84,-87.61,0.0
396,9604.296,0.0,19611.08,2401.9792,14103.062,0.0,5185.871,4934.283,0.0,0.0,350400.0,41.84,-87.63,0.0
397,10020.467,0.0,27223.219,0.0,11831.872,0.0,0.0,8019.4688,0.0,0.0,351000.0,41.84,-87.61,0.0
398,2334.4248,0.0,7365.0903,0.0,2112.7769,0.0,0.0,2457.7434,0.0,0.0,351100.0,41.83,-87.61,1.0
399,6488.4277,0.0,15350.428,581.8509,8627.266,0.0,1174.033,4242.12,0.0,0.0,351400.0,41.83,-87.62,1.0
400,5342.7275,0.0,10924.762,1295.6438,7888.841,0.0,2893.314,2818.2063,0.0,0.0,351500.0,41.83,-87.63,1.0
401,5875.2876,0.0,12153.992,1216.0505,8485.194,0.0,2748.3123,3191.674,0.0,0.0,360200.0,41.83,-87.61,0.0
402,6858.6895,0.0,16047.772,605.2889,9145.1875,0.0,1325.6897,4466.906,0.0,0.0,380100.0,41.82,-87.61,0.0
403,10013.748,0.0,18725.654,3000.4128,15326.218,0.0,6853.5728,4684.9824,0.0,0.0,380200.0,41.82,-87.61,0.0
404,12608.564,0.0,29024.059,1503.367,17084.383,0.0,3053.8835,7872.127,0.0,0.0,380500.0,41.82,-87.63,0.0
405,5091.913,0.0,9171.64,1154.1038,7716.5537,0.0,3318.7053,2672.0466,0.0,0.0,380700.0,41.81,-87.62,1.0
406,8095.6533,0.0,15941.927,2189.8904,12060.136,0.0,4868.7305,3973.6082,0.0,0.0,381200.0,41.81,-87.61,0.0
407,3368.2627,0.0,7391.6133,630.3946,4802.368,0.0,1259.4456,1929.4749,0.0,0.0,381400.0,41.81,-87.62,0.0
408,16587.54,0.0,41666.746,287.4676,21007.861,0.0,280.7683,11875.562,0.0,0.0,381500.0,41.81,-87.62,0.0
409,14375.347,0.0,34231.81,1139.6824,19007.625,0.0,2276.911,9508.792,0.0,0.0,381700.0,41.81,-87.63,0.0
410,3072.7305,0.0,9351.558,0.0,3326.6575,0.0,0.0,2816.926,0.0,0.0,381800.0,41.8,-87.62,1.0
411,13345.871,0.0,28208.932,2871.1433,19202.94,0.0,6189.288,7283.6104,0.0,0.0,381900.0,41.8,-87.61,0.0
412,11016.748,0.0,21966.71,2978.5847,16360.492,0.0,6476.5654,5442.129,0.0,0.0,390100.0,41.81,-87.59,1.0
413,7882.211,0.0,22638.15,0.0,8741.198,0.0,0.0,6943.62,0.0,0.0,390200.0,41.81,-87.6,0.0
414,6596.1494,0.0,17843.586,0.0,7836.2173,0.0,0.0,5267.9688,0.0,0.0,390300.0,41.81,-87.6,0.0
415,6827.8857,0.0,13946.963,1745.178,10095.558,0.0,3754.9934,3512.9045,0.0,0.0,390400.0,41.81,-87.6,0.0
416,11406.699,0.0,24239.643,2363.0466,16327.788,0.0,5078.879,6278.3496,0.0,0.0,390500.0,41.81,-87.6,0.0
417,9995.493,0.0,27288.645,0.0,11827.159,0.0,0.0,8070.4424,0.0,0.0,390600.0,41.81,-87.59,0.0
418,5058.495,0.0,10783.799,1058.6609,7264.424,0.0,2283.2344,2804.4246,0.0,0.0,390700.0,41.8,-87.58,0.0
419,1680.6344,0.0,5178.0723,0.0,1869.443,0.0,0.0,1561.3423,0.0,0.0,400300.0,41.79,-87.61,0.0
420,4018.6528,0.0,8893.256,631.7254,5625.628,0.0,1340.6411,2382.323,0.0,0.0,400400.0,41.79,-87.62,0.0
421,2558.1494,0.0,5760.1934,302.30695,3526.2737,0.0,749.75195,1620.0637,0.0,0.0,400500.0,41.79,-87.62,1.0
422,3030.8945,0.0,6915.7593,376.50836,4186.833,0.0,811.00684,1905.6853,0.0,0.0,400800.0,41.78,-87.62,0.0
423,4826.7275,0.0,10852.54,651.9266,6651.587,0.0,1393.721,2941.5461,0.0,0.0,410100.0,41.8,-87.58,0.0
424,7862.497,0.0,16825.645,1566.2224,11226.999,0.0,3334.2346,4377.1504,0.0,0.0,410200.0,41.8,-87.59,0.0
425,21377.363,0.0,52297.695,847.8465,27434.637,0.0,1599.2859,14764.38,0.0,0.0,410500.0,41.8,-87.6,1.0
426,8164.5713,0.0,17926.152,1405.8572,11467.089,0.0,2965.8914,4740.003,0.0,0.0,410600.0,41.8,-87.6,0.0
427,14973.881,0.0,32880.176,2686.0652,21047.24,0.0,5574.8066,8620.192,0.0,0.0,410700.0,41.8,-87.59,0.0
428,7920.547,0.0,18327.863,956.5379,10756.016,0.0,1948.075,4987.2236,0.0,0.0,410800.0,41.8,-87.59,0.0
429,9522.434,0.0,19895.969,2233.0261,13878.423,0.0,4691.5645,5043.8867,0.0,0.0,410900.0,41.8,-87.58,0.0
430,4448.0425,0.0,10917.234,255.98564,5809.3047,0.0,486.76685,3081.2415,0.0,0.0,411000.0,41.79,-87.58,0.0
431,19908.03,0.0,41832.23,4105.501,28525.723,0.0,9042.971,10888.583,0.0,0.0,411100.0,41.79,-87.59,0.0
432,3221.9683,0.0,10437.696,0.0,3065.2354,0.0,0.0,3431.9592,0.0,0.0,411200.0,41.79,-87.59,0.0
433,17628.72,0.0,52377.86,0.0,18880.268,0.0,0.0,16001.272,0.0,0.0,420100.0,41.78,-87.58,0.0
434,10577.877,0.0,21912.025,2432.2625,15358.999,0.0,5296.8174,5601.9316,0.0,0.0,420200.0,41.78,-87.59,1.0
435,15684.835,0.0,39319.918,347.34845,19851.809,0.0,292.76245,11111.815,0.0,0.0,420300.0,41.78,-87.6,0.0
436,2891.6382,0.0,7054.214,260.84064,3900.0232,0.0,373.63403,1932.6353,0.0,0.0,420400.0,41.78,-87.6,1.0
437,8370.641,0.0,20372.66,523.01935,10971.387,0.0,931.0144,5698.1865,0.0,0.0,420500.0,41.78,-87.61,0.0
438,3940.3064,0.0,12391.356,0.0,3357.844,0.0,0.0,4089.8362,0.0,0.0,420600.0,41.78,-87.61,0.0
439,23849.426,0.0,50952.06,4621.698,33836.297,0.0,10028.842,13297.569,0.0,0.0,420700.0,41.78,-87.61,0.0
440,5746.3623,0.0,17580.715,0.0,4052.245,0.0,0.0,6234.8467,0.0,0.0,420800.0,41.78,-87.6,1.0
441,2684.811,0.0,8568.282,0.0,2768.631,0.0,0.0,2655.0093,0.0,0.0,421200.0,41.77,-87.61,1.0
442,2845.2192,0.0,8336.323,0.0,3182.5935,0.0,0.0,2543.5176,0.0,0.0,430101.0,41.77,-87.57,0.0
443,2927.9375,0.0,7861.737,0.0,3422.056,0.0,0.0,2251.0442,0.0,0.0,430102.0,41.77,-87.56,0.0
444,5545.018,0.0,12855.2705,667.8392,7505.454,0.0,1358.4446,3493.2717,0.0,0.0,430200.0,41.77,-87.58,0.0
445,7354.0312,0.0,15464.718,1674.1204,10676.168,0.0,3575.9314,3964.4353,0.0,0.0,430300.0,41.77,-87.59,0.0
446,3109.4666,0.0,7461.1274,267.5689,4173.1655,0.0,520.17993,2084.273,0.0,0.0,430400.0,41.76,-87.59,0.0
447,3577.6428,0.0,9703.235,0.0,4227.6274,0.0,0.0,2925.179,0.0,0.0,430500.0,41.76,-87.58,0.0
448,9781.828,0.0,19298.01,2306.6814,14483.407,0.0,5413.168,5099.2754,0.0,0.0,430600.0,41.76,-87.57,1.0
449,2315.923,0.0,5502.309,370.67365,3260.9285,0.0,575.9424,1443.3984,0.0,0.0,430700.0,41.77,-87.56,0.0
450,19108.426,0.0,43186.855,2655.7175,26305.057,0.0,5766.8477,11728.565,0.0,0.0,430800.0,41.76,-87.57,0.0
451,4366.0156,0.0,11010.4795,26.651657,5538.1577,0.0,0.0,3161.9963,0.0,0.0,430900.0,41.76,-87.58,1.0
452,7606.0527,0.0,16874.984,1134.8679,10543.985,0.0,2507.5095,4555.035,0.0,0.0,431200.0,41.76,-87.57,0.0
453,6299.5684,0.0,13929.294,1007.3265,8806.46,0.0,2136.5652,3718.5095,0.0,0.0,431301.0,41.75,-87.56,0.0
454,19314.959,0.0,34868.984,4656.177,29371.637,0.0,12677.323,9939.153,0.0,0.0,431302.0,41.76,-87.56,0.0
455,3049.2217,0.0,9117.147,0.0,3399.368,0.0,0.0,2749.7454,0.0,0.0,431400.0,41.76,-87.55,0.0
456,6579.6265,0.0,14847.601,858.8748,9007.394,0.0,1879.1008,4040.0437,0.0,0.0,440101.0,41.75,-87.6,1.0
457,13491.594,0.0,37421.883,0.0,15776.931,0.0,0.0,11059.923,0.0,0.0,440102.0,41.74,-87.6,0.0
458,6708.0034,0.0,15261.416,997.1126,9253.091,0.0,1982.9163,4067.59,0.0,0.0,440201.0,41.75,-87.61,0.0
459,5768.5327,0.0,10765.755,1298.2278,8707.064,0.0,3497.1133,3070.4563,0.0,0.0,440202.0,41.74,-87.61,0.0
460,3317.2253,0.0,10148.13,0.0,2880.7249,0.0,0.0,3414.9539,0.0,0.0,440300.0,41.74,-87.62,0.0
461,4766.3086,0.0,11556.987,436.68878,6326.726,0.0,676.95874,3140.0852,0.0,0.0,440600.0,41.73,-87.62,0.0
462,6903.3184,0.0,16226.71,697.8201,9260.48,0.0,1409.4714,4463.9873,0.0,0.0,440700.0,41.73,-87.61,0.0
463,9999.459,0.0,20373.312,2455.7546,14645.462,0.0,5351.1196,5143.958,0.0,0.0,440800.0,41.73,-87.6,1.0
464,6119.6562,0.0,12494.18,1510.6252,8996.914,0.0,3246.1228,3148.7117,0.0,0.0,440900.0,41.73,-87.61,1.0
465,5570.481,0.0,13343.334,390.2166,7349.774,0.0,736.8723,3717.2092,0.0,0.0,450300.0,41.74,-87.58,0.0
466,5394.2085,0.0,12323.211,661.1048,7404.512,0.0,1459.3079,3399.3118,0.0,0.0,460100.0,41.75,-87.54,0.0
467,10032.161,0.0,21249.389,2039.4148,14381.49,0.0,4490.4463,5558.2314,0.0,0.0,460200.0,41.74,-87.55,1.0
468,13036.354,0.0,30295.64,1394.3953,17529.832,0.0,2895.5437,8303.284,0.0,0.0,460301.0,41.74,-87.56,0.0
469,7957.925,0.0,16255.2705,1953.7981,11665.597,0.0,4212.871,4096.3984,0.0,0.0,460302.0,41.75,-87.56,0.0
470,17869.594,0.0,43845.953,858.8309,23090.588,0.0,1408.2722,12287.661,0.0,0.0,460400.0,41.74,-87.56,0.0
471,5109.9814,0.0,10738.371,1154.446,7407.666,0.0,2439.286,2741.554,0.0,0.0,460500.0,41.75,-87.57,1.0
472,7741.212,0.0,15481.374,2169.8328,11568.374,0.0,4588.093,3785.821,0.0,0.0,460600.0,41.74,-87.56,1.0
473,7025.8955,0.0,15065.086,1418.696,10038.106,0.0,2969.0393,3897.507,0.0,0.0,460700.0,41.74,-87.55,1.0
474,4217.108,0.0,12898.453,0.0,2635.8928,0.0,0.0,4741.386,0.0,0.0,461000.0,41.73,-87.55,1.0
475,21846.148,0.0,44105.363,5047.2354,31905.883,0.0,11486.238,11459.233,0.0,0.0,470100.0,41.73,-87.6,0.0
476,5858.6514,0.0,11093.743,1336.0837,8799.649,0.0,3467.039,3096.799,0.0,0.0,480100.0,41.74,-87.58,0.0
477,4714.421,0.0,10715.198,584.2122,6458.4146,0.0,1236.8318,2922.173,0.0,0.0,480200.0,41.74,-87.59,0.0
478,6842.425,0.0,13879.067,1707.6829,10064.0625,0.0,3714.3987,3496.367,0.0,0.0,480300.0,41.73,-87.59,0.0
479,11003.724,0.0,21533.557,3079.653,16372.038,0.0,6722.3906,5255.296,0.0,0.0,480400.0,41.73,-87.58,0.0
480,5044.682,0.0,10595.476,1268.8142,7390.1343,0.0,2578.6956,2637.2024,0.0,0.0,480500.0,41.73,-87.56,0.0
481,7105.7124,0.0,15216.256,1402.4851,10136.506,0.0,2985.2908,3961.696,0.0,0.0,490300.0,41.73,-87.62,0.0
482,3035.3833,0.0,9220.569,0.0,3199.14,0.0,0.0,2883.4326,0.0,0.0,490400.0,41.72,-87.61,0.0
483,2220.701,0.0,6318.8604,0.0,2551.4045,0.0,0.0,1972.0747,0.0,0.0,490500.0,41.72,-87.61,0.0
484,9529.678,0.0,19425.969,2393.5593,14005.067,0.0,5150.6675,4876.1953,0.0,0.0,490600.0,41.72,-87.63,1.0
485,13848.139,0.0,28688.783,3086.9187,20043.957,0.0,6760.524,7385.24,0.0,0.0,490700.0,41.71,-87.63,0.0
486,4392.6196,0.0,10344.1045,387.63995,5826.2725,0.0,758.61646,2841.9915,0.0,0.0,490800.0,41.71,-87.62,0.0
487,13402.092,0.0,24000.154,3768.1882,20664.494,0.0,9536.981,6470.824,0.0,0.0,490901.0,41.7,-87.62,0.0
488,16714.25,0.0,39227.44,1445.362,22183.617,0.0,3077.1335,10876.001,0.0,0.0,490902.0,41.7,-87.62,0.0
489,9978.518,0.0,19068.41,2607.0886,15028.416,0.0,6187.294,4993.495,0.0,0.0,491000.0,41.7,-87.63,0.0
490,20707.92,0.0,37958.4,5361.798,31460.121,0.0,13655.0205,10324.956,0.0,0.0,491100.0,41.7,-87.64,0.0
491,13850.199,0.0,28139.48,3393.2703,20259.344,0.0,7478.0435,7120.7656,0.0,0.0,491200.0,41.69,-87.64,0.0
492,4711.7354,0.0,11992.925,30.70488,5990.3164,0.0,0.0,3463.509,0.0,0.0,491300.0,41.69,-87.63,0.0
493,6509.103,0.0,12524.367,1747.5559,9796.194,0.0,4047.8062,3215.4514,0.0,0.0,491400.0,41.69,-87.62,0.0
494,11926.152,0.0,24516.297,2986.0837,17495.916,0.0,6378.118,6158.409,0.0,0.0,500100.0,41.71,-87.6,0.0
495,6064.4785,0.0,11340.817,1625.7913,9268.349,0.0,4003.4258,3038.7395,0.0,0.0,500200.0,41.7,-87.6,1.0
496,4408.2188,0.0,11223.896,1.1863254,5638.381,0.0,9.360117,3300.527,0.0,0.0,500300.0,41.69,-87.61,1.0
497,15717.922,0.0,27229.041,4197.869,24366.793,0.0,11402.166,7739.7627,0.0,0.0,510100.0,41.71,-87.55,1.0
498,6314.5474,0.0,19467.064,0.0,6554.6763,0.0,0.0,6052.4805,0.0,0.0,510200.0,41.71,-87.56,0.0
499,19731.885,0.0,50307.59,0.0,24575.305,0.0,0.0,14434.524,0.0,0.0,510300.0,41.72,-87.57,0.0
500,8101.0117,0.0,17678.117,1513.2341,11434.095,0.0,3176.7312,4624.334,0.0,0.0,520100.0,41.72,-87.53,1.0
501,6774.8447,0.0,14694.803,1310.1267,9644.967,0.0,2737.9722,3835.7864,0.0,0.0,520200.0,41.71,-87.54,1.0
502,8981.088,0.0,20281.271,1155.6042,12273.974,0.0,2535.0935,5522.376,0.0,0.0,520300.0,41.7,-87.54,1.0
503,9385.486,0.0,16457.94,2887.3123,14486.882,0.0,7011.1377,4152.756,0.0,0.0,520400.0,41.7,-87.53,0.0
504,4505.1035,0.0,8632.029,1312.0645,6800.082,0.0,2931.716,2117.531,0.0,0.0,520500.0,41.69,-87.53,0.0
505,15519.777,0.0,40120.04,0.0,19157.246,0.0,0.0,11595.671,0.0,0.0,520600.0,41.69,-87.54,0.0
506,11581.744,0.0,23723.58,2816.6687,16920.902,0.0,6100.1123,5990.1025,0.0,0.0,530100.0,41.68,-87.62,1.0
507,5180.0093,0.0,12861.334,104.680954,6682.7456,0.0,291.30103,3749.8762,0.0,0.0,530200.0,41.68,-87.63,0.0
508,7668.8047,0.0,15122.969,2113.9407,11511.782,0.0,4682.895,3780.0876,0.0,0.0,530300.0,41.68,-87.65,0.0
509,9088.557,0.0,17827.78,2505.653,13497.022,0.0,5450.5977,4356.044,0.0,0.0,530400.0,41.67,-87.65,0.0
510,5477.4663,0.0,12168.708,967.5667,7722.8306,0.0,1919.6917,3188.7097,0.0,0.0,530501.0,41.67,-87.63,0.0
511,6727.8594,0.0,14096.438,944.34015,9054.015,0.0,2107.4753,3643.263,0.0,0.0,530502.0,41.67,-87.63,0.0
512,4223.447,0.0,9147.584,835.2142,6062.739,0.0,1796.6443,2414.5935,0.0,0.0,530503.0,41.66,-87.64,0.0
513,4828.6084,0.0,11862.062,280.5169,6299.466,0.0,424.94067,3303.4163,0.0,0.0,530600.0,41.67,-87.62,0.0
514,5231.8877,0.0,15594.742,0.0,5513.342,0.0,0.0,4875.332,0.0,0.0,540101.0,41.65,-87.6,0.0
515,4795.2866,0.0,13134.188,0.0,5666.289,0.0,0.0,3906.0642,0.0,0.0,540102.0,41.67,-87.61,0.0
516,22237.352,0.0,51826.81,2260.991,29750.086,0.0,4681.5967,14216.888,0.0,0.0,550100.0,41.66,-87.54,0.0
517,7373.77,0.0,14532.934,2133.1873,11067.062,0.0,4590.599,3541.5994,0.0,0.0,550200.0,41.66,-87.56,0.0
518,5716.04,0.0,15629.311,0.0,6809.1514,0.0,0.0,4596.352,0.0,0.0,560100.0,41.82,-87.74,0.0
519,6487.2773,0.0,14101.529,1339.8376,9251.952,0.0,2705.132,3618.0496,0.0,0.0,560200.0,41.81,-87.75,0.0
520,4151.703,0.0,11096.802,0.0,4865.723,0.0,0.0,3214.4592,0.0,0.0,560300.0,41.8,-87.75,0.0
521,12923.953,0.0,27611.29,2493.7498,18336.387,0.0,5466.2256,7231.876,0.0,0.0,560400.0,41.8,-87.74,0.0
522,13224.557,0.0,25145.021,3277.6863,19884.576,0.0,8048.393,6769.5527,0.0,0.0,560700.0,41.8,-87.76,0.0
523,12804.447,0.0,37808.008,0.0,13983.28,0.0,0.0,11545.407,0.0,0.0,560800.0,41.8,-87.77,0.0
524,8064.1523,0.0,16915.732,1469.8826,11311.379,0.0,3249.9329,4390.1426,0.0,0.0,560900.0,41.8,-87.79,0.0
525,10995.375,0.0,24660.254,1585.3191,15208.616,0.0,3456.7449,6680.9336,0.0,0.0,561000.0,41.79,-87.79,0.0
526,7110.036,0.0,13776.675,2130.928,10763.83,0.0,4624.548,3337.8708,0.0,0.0,561100.0,41.79,-87.77,0.0
527,4318.3164,0.0,9584.5625,752.90314,6089.9736,0.0,1537.6958,2532.4705,0.0,0.0,570100.0,41.82,-87.72,0.0
528,9323.609,0.0,17324.084,2011.3484,14069.873,0.0,5620.8477,5045.074,0.0,0.0,570200.0,41.81,-87.73,1.0
529,9580.32,0.0,19188.133,2174.119,14046.429,0.0,5045.841,5040.7686,0.0,0.0,570300.0,41.8,-87.73,0.0
530,8707.962,0.0,18555.38,1735.9744,12463.571,0.0,3809.6272,4869.7207,0.0,0.0,570400.0,41.8,-87.72,0.0
531,13580.418,0.0,25615.21,3880.8484,20621.951,0.0,9022.066,6514.951,0.0,0.0,570500.0,41.8,-87.73,0.0
532,4747.1006,0.0,13169.59,0.0,5552.4844,0.0,0.0,3897.5896,0.0,0.0,580100.0,41.83,-87.69,0.0
533,4278.795,0.0,9631.388,524.59357,5839.7744,0.0,1156.2102,2628.1238,0.0,0.0,580200.0,41.83,-87.7,0.0
534,7099.2236,0.0,13734.819,1944.7747,10620.252,0.0,4458.338,3445.8137,0.0,0.0,580300.0,41.83,-87.71,0.0
535,16128.014,0.0,40502.184,280.52032,20466.041,0.0,286.66284,11559.624,0.0,0.0,580400.0,41.82,-87.71,1.0
536,11659.09,0.0,29812.662,79.39336,14645.38,0.0,0.0,8476.145,0.0,0.0,580501.0,41.82,-87.7,0.0
537,5959.5195,0.0,12923.7,1164.0715,8521.667,0.0,2496.2947,3405.1843,0.0,0.0,580502.0,41.81,-87.7,0.0
538,3343.9912,0.0,9594.322,0.0,3867.6106,0.0,0.0,2853.2688,0.0,0.0,580600.0,41.82,-87.69,1.0
539,18509.812,0.0,44825.266,976.9578,24024.14,0.0,2017.655,12639.067,0.0,0.0,580700.0,41.82,-87.69,0.0
540,2806.8726,0.0,7608.575,0.0,3456.8157,0.0,0.0,2222.2434,0.0,0.0,580800.0,41.81,-87.69,0.0
541,8330.607,0.0,17800.438,1532.155,11792.401,0.0,3434.596,4711.7334,0.0,0.0,590500.0,41.82,-87.68,0.0
542,11063.324,0.0,31099.238,0.0,12778.222,0.0,0.0,9217.575,0.0,0.0,590600.0,41.83,-87.67,0.0
543,11132.97,0.0,24990.787,1566.5271,15208.018,0.0,3232.2664,6654.588,0.0,0.0,590700.0,41.83,-87.66,0.0
544,11525.527,0.0,22833.783,3142.9958,17165.232,0.0,6884.6387,5660.657,0.0,0.0,600400.0,41.84,-87.64,0.0
545,10904.422,0.0,30438.814,0.0,12471.933,0.0,0.0,9096.731,0.0,0.0,600600.0,41.84,-87.66,1.0
546,3872.7817,0.0,9970.738,0.0,4754.3877,0.0,0.0,2951.6667,0.0,0.0,600700.0,41.84,-87.66,1.0
547,7607.09,0.0,16828.418,1240.1853,10634.804,0.0,2614.7937,4477.922,0.0,0.0,600900.0,41.84,-87.65,0.0
548,7717.3823,0.0,16167.297,1743.5413,11192.216,0.0,3740.7065,4144.006,0.0,0.0,610300.0,41.82,-87.68,1.0
549,9434.17,0.0,21596.877,1212.613,12846.581,0.0,2572.6248,5867.6787,0.0,0.0,610400.0,41.81,-87.67,0.0
550,8192.585,0.0,20919.025,3.3865209,10325.868,0.0,0.0,6071.884,0.0,0.0,610800.0,41.81,-87.64,0.0
551,4536.872,0.0,10195.567,610.6878,6257.076,0.0,1292.0173,2760.0051,0.0,0.0,611000.0,41.8,-87.65,1.0
552,10128.719,0.0,23550.65,1154.9324,13720.974,0.0,2375.5515,6450.0703,0.0,0.0,611100.0,41.81,-87.66,1.0
553,9168.295,0.0,18973.334,2164.4968,13378.112,0.0,4609.244,4807.381,0.0,0.0,611200.0,41.8,-87.66,1.0
554,6862.7607,0.0,16477.469,576.63947,9155.247,0.0,1132.9128,4597.166,0.0,0.0,611300.0,41.8,-87.67,1.0
555,9636.889,0.0,19991.242,2081.3572,13900.024,0.0,4604.172,5163.7607,0.0,0.0,611400.0,41.8,-87.67,1.0
556,3510.0427,0.0,8823.714,38.92363,4390.5786,0.0,0.0,2463.9573,0.0,0.0,611500.0,41.81,-87.68,1.0
557,16242.451,0.0,40185.668,689.6004,20869.746,0.0,1004.5359,11266.073,0.0,0.0,611600.0,41.8,-87.68,1.0
558,8091.6606,0.0,17307.984,1735.5525,11653.203,0.0,3518.4368,4415.7344,0.0,0.0,611700.0,41.8,-87.67,0.0
559,11435.924,0.0,26257.498,1464.1394,15583.458,0.0,2918.8416,7076.537,0.0,0.0,611800.0,41.8,-87.67,0.0
560,20093.715,0.0,39150.92,5613.708,30043.215,0.0,12529.426,9717.579,0.0,0.0,611900.0,41.8,-87.66,0.0
561,5635.3477,0.0,10309.362,2011.51,8835.004,0.0,4327.4805,2376.9895,0.0,0.0,612000.0,41.8,-87.65,0.0
562,3539.3423,0.0,7708.0596,734.8621,5108.037,0.0,1421.3933,1973.4255,0.0,0.0,612100.0,41.8,-87.65,0.0
563,9819.057,0.0,20948.145,1882.5339,13882.002,0.0,4079.4885,5453.128,0.0,0.0,620100.0,41.8,-87.72,0.0
564,10700.706,0.0,19612.174,2680.8142,16240.931,0.0,7004.2666,5422.5537,0.0,0.0,620200.0,41.8,-87.73,0.0
565,12706.565,0.0,26503.99,2355.235,18034.324,0.0,5493.723,7023.58,0.0,0.0,620300.0,41.79,-87.73,0.0
566,8628.582,0.0,17941.97,2081.0583,12564.892,0.0,4386.5254,4514.759,0.0,0.0,620400.0,41.79,-87.72,0.0
567,16202.116,0.0,37420.777,2085.491,22133.04,0.0,4382.323,10212.599,0.0,0.0,630100.0,41.8,-87.68,1.0
568,6536.744,0.0,14691.092,970.44904,9016.271,0.0,2045.8821,3937.91,0.0,0.0,630200.0,41.8,-87.69,1.0
569,6263.2827,0.0,13405.156,1105.925,8798.104,0.0,2391.8274,3511.6375,0.0,0.0,630300.0,41.8,-87.71,0.0
570,4104.6963,0.0,10156.172,121.6248,5272.7993,0.0,175.15968,2881.131,0.0,0.0,630400.0,41.8,-87.7,1.0
571,6437.5347,0.0,20009.01,0.0,5835.9473,0.0,0.0,6489.826,0.0,0.0,630500.0,41.8,-87.69,0.0
572,6268.287,0.0,13799.3125,905.8309,8710.394,0.0,2059.093,3751.4695,0.0,0.0,630800.0,41.79,-87.7,0.0
573,4318.2656,0.0,11645.425,0.0,5280.8877,0.0,0.0,3381.0159,0.0,0.0,630900.0,41.79,-87.71,0.0
574,6218.088,0.0,14298.728,774.4461,8480.544,0.0,1632.929,3903.1658,0.0,0.0,640100.0,41.78,-87.74,0.0
575,5575.5527,0.0,16555.494,0.0,6053.458,0.0,0.0,5073.2183,0.0,0.0,640300.0,41.78,-87.77,0.0
576,2709.3262,0.0,8454.307,0.0,2923.2534,0.0,0.0,2567.7563,0.0,0.0,640400.0,41.78,-87.79,0.0
577,6586.05,0.0,13485.155,1566.1838,9611.021,0.0,3401.546,3418.075,0.0,0.0,640500.0,41.78,-87.79,0.0
578,14640.294,0.0,31851.188,2523.155,20579.523,0.0,5573.7305,8485.878,0.0,0.0,640600.0,41.78,-87.77,0.0
579,3517.31,0.0,8135.0303,385.71222,4790.953,0.0,799.219,2240.3079,0.0,0.0,640700.0,41.78,-87.75,0.0
580,8487.488,0.0,18117.828,1649.2283,12080.481,0.0,3607.3743,4748.626,0.0,0.0,640800.0,41.77,-87.74,0.0
581,4045.768,0.0,12380.328,0.0,3393.6558,0.0,0.0,4156.8125,0.0,0.0,650100.0,41.78,-87.72,1.0
582,7041.03,0.0,15047.569,1498.0681,10125.6455,0.0,3117.4673,3869.1536,0.0,0.0,650200.0,41.78,-87.73,0.0
583,8108.069,0.0,20800.775,155.57207,10249.835,0.0,0.0,5868.6924,0.0,0.0,650301.0,41.77,-87.73,0.0
584,7128.8916,0.0,16475.459,799.3182,9647.999,0.0,1719.7625,4532.51,0.0,0.0,650302.0,41.78,-87.72,0.0
585,3741.7185,0.0,11563.74,0.0,3839.1487,0.0,0.0,3606.1116,0.0,0.0,650400.0,41.77,-87.72,0.0
586,24844.262,0.0,66461.88,0.0,28660.7,0.0,0.0,19500.482,0.0,0.0,650500.0,41.76,-87.73,0.0
587,4901.719,0.0,10547.709,1017.50323,7041.0967,0.0,2103.2737,2724.6091,0.0,0.0,660301.0,41.78,-87.7,0.0
588,6196.534,0.0,13546.362,1164.5222,8801.144,0.0,2392.8167,3541.6267,0.0,0.0,660302.0,41.78,-87.7,0.0
589,7853.65,0.0,15126.416,1759.9695,11508.445,0.0,4319.5576,4008.9646,0.0,0.0,660400.0,41.78,-87.71,1.0
590,4035.3325,0.0,9695.2705,315.0462,5359.91,0.0,573.43335,2691.6296,0.0,0.0,660500.0,41.78,-87.71,1.0
591,5809.802,0.0,12846.546,749.2718,8003.996,0.0,1774.5127,3535.6428,0.0,0.0,660600.0,41.78,-87.69,1.0
592,5364.6035,0.0,10393.85,1806.97,8255.844,0.0,3728.9727,2410.64,0.0,0.0,660700.0,41.77,-87.68,1.0
593,10072.184,0.0,20567.18,2468.782,14730.167,0.0,5378.8623,5193.907,0.0,0.0,660800.0,41.77,-87.69,0.0
594,8455.783,0.0,20606.459,485.41583,11044.181,0.0,940.9817,5806.8975,0.0,0.0,660900.0,41.77,-87.7,0.0
595,8215.295,0.0,17459.154,1755.6746,11794.194,0.0,3687.49,4479.1562,0.0,0.0,661000.0,41.76,-87.69,0.0
596,3462.978,0.0,8852.812,0.0,4371.1436,0.0,0.0,2580.8855,0.0,0.0,661100.0,41.76,-87.7,0.0
597,16679.234,0.0,33402.36,4444.172,24707.709,0.0,9604.333,8278.349,0.0,0.0,670100.0,41.79,-87.66,0.0
598,8621.469,0.0,19153.428,1438.7253,12046.024,0.0,2991.027,5074.749,0.0,0.0,670200.0,41.79,-87.66,0.0
599,9439.792,0.0,18501.523,2612.8337,14114.978,0.0,5802.6416,4595.951,0.0,0.0,670300.0,41.79,-87.67,0.0
600,3751.241,0.0,9462.313,80.740036,4816.774,0.0,87.63746,2712.8489,0.0,0.0,670400.0,41.79,-87.67,0.0
601,9266.333,0.0,17124.08,2677.7498,14222.93,0.0,6466.654,4450.1865,0.0,0.0,670500.0,41.79,-87.68,0.0
602,6676.1616,0.0,14471.647,1326.6511,9533.257,0.0,2769.859,3769.8713,0.0,0.0,670600.0,41.78,-87.67,1.0
603,12626.136,0.0,31708.521,365.94025,16090.968,0.0,382.91577,8954.344,0.0,0.0,670700.0,41.78,-87.67,0.0
604,2030.2008,0.0,5981.5083,0.0,2326.8162,0.0,0.0,1750.8743,0.0,0.0,670800.0,41.78,-87.66,0.0
605,3756.6636,0.0,9645.973,0.0,4716.6514,0.0,0.0,2778.9265,0.0,0.0,670900.0,41.78,-87.66,0.0
606,9711.311,0.0,21149.05,1565.3455,13485.859,0.0,3408.4211,5604.494,0.0,0.0,671100.0,41.78,-87.66,0.0
607,10811.731,0.0,22841.42,2246.4978,15484.036,0.0,4876.2935,5916.623,0.0,0.0,671200.0,41.78,-87.67,0.0
608,7904.009,0.0,17915.576,1148.9324,10918.3,0.0,2384.5789,4821.949,0.0,0.0,671300.0,41.77,-87.67,1.0
609,5443.884,0.0,11933.4,990.62286,7711.8535,0.0,2080.3203,3149.011,0.0,0.0,671400.0,41.77,-87.68,0.0
610,5560.1396,0.0,12521.602,865.9886,7749.212,0.0,1786.7432,3353.9382,0.0,0.0,671500.0,41.77,-87.67,0.0
611,17538.98,0.0,36381.684,4094.157,25459.969,0.0,8744.698,9215.94,0.0,0.0,671600.0,41.77,-87.66,1.0
612,11166.995,0.0,21503.139,2461.948,16575.27,0.0,6315.7876,5952.26,0.0,0.0,671800.0,41.76,-87.66,0.0
613,11693.607,0.0,26439.133,1714.5378,16109.192,0.0,3488.3738,7059.957,0.0,0.0,671900.0,41.76,-87.66,0.0
614,5706.9062,0.0,13005.735,849.5208,7872.3643,0.0,1683.3752,3466.3987,0.0,0.0,672000.0,41.76,-87.67,0.0
615,11860.056,0.0,27025.33,1555.7263,16171.349,0.0,3182.1062,7275.4473,0.0,0.0,680500.0,41.79,-87.65,0.0
616,6568.6416,0.0,15255.592,650.6766,8833.245,0.0,1398.7834,4220.6045,0.0,0.0,680600.0,41.78,-87.65,0.0
617,2328.5474,0.0,7436.268,0.0,2128.7786,0.0,0.0,2455.487,0.0,0.0,680900.0,41.78,-87.64,0.0
618,4898.335,0.0,10944.976,822.5037,6851.128,0.0,1642.344,2882.0505,0.0,0.0,681000.0,41.78,-87.65,0.0
619,11819.064,0.0,28246.746,931.35236,15622.01,0.0,1777.6648,7826.712,0.0,0.0,681100.0,41.77,-87.65,0.0
620,17428.129,0.0,38448.906,2979.3699,24306.271,0.0,6179.6816,10102.269,0.0,0.0,681200.0,41.77,-87.64,0.0
621,8825.07,0.0,18492.518,1607.5398,12339.853,0.0,3401.3298,4725.0527,0.0,0.0,681300.0,41.76,-87.64,1.0
622,8034.3896,0.0,16780.691,1749.4993,11637.341,0.0,3868.188,4359.8496,0.0,0.0,681400.0,41.76,-87.65,0.0
623,18407.48,0.0,42053.41,2305.9656,25029.336,0.0,4862.542,11415.653,0.0,0.0,690300.0,41.77,-87.63,1.0
624,5031.545,0.0,11044.303,979.69806,7133.1343,0.0,1979.3367,2861.4446,0.0,0.0,690400.0,41.77,-87.62,0.0
625,10931.293,0.0,18874.377,2408.0632,16856.174,0.0,7397.704,5832.5127,0.0,0.0,690500.0,41.77,-87.61,0.0
626,4988.535,0.0,11935.451,522.7376,6724.3545,0.0,921.3928,3258.6614,0.0,0.0,690900.0,41.76,-87.61,0.0
627,6255.499,0.0,12840.05,1608.5452,9210.28,0.0,3405.028,3204.8323,0.0,0.0,691000.0,41.76,-87.62,0.0
628,10797.979,0.0,23757.52,1848.115,15105.997,0.0,3991.1218,6309.3174,0.0,0.0,691100.0,41.76,-87.63,0.0
629,4695.2334,0.0,11877.729,93.03203,5972.0884,0.0,46.951916,3376.011,0.0,0.0,691200.0,41.75,-87.63,0.0
630,14395.261,0.0,31478.006,2574.0037,20308.94,0.0,5476.3477,8315.11,0.0,0.0,691300.0,41.75,-87.62,0.0
631,6282.425,0.0,13273.891,1196.3914,8945.386,0.0,2769.0334,3530.4158,0.0,0.0,691400.0,41.75,-87.61,0.0
632,7233.419,0.0,14866.213,1711.7156,10534.611,0.0,3749.971,3784.8884,0.0,0.0,691500.0,41.76,-87.6,1.0
633,6352.996,0.0,17157.643,0.0,7624.3916,0.0,0.0,5047.0054,0.0,0.0,700100.0,41.75,-87.7,0.0
634,16797.441,0.0,37737.824,2436.11,23117.11,0.0,5079.792,10098.265,0.0,0.0,700200.0,41.75,-87.72,0.0
635,15257.799,0.0,33003.027,2842.0222,21560.082,0.0,6040.951,8634.308,0.0,0.0,700301.0,41.75,-87.73,0.0
636,6884.868,0.0,14802.957,1361.9128,9820.826,0.0,2827.62,3832.9646,0.0,0.0,700302.0,41.74,-87.73,0.0
637,5000.134,0.0,14497.469,0.0,4820.7764,0.0,0.0,4512.4297,0.0,0.0,700401.0,41.75,-87.71,0.0
638,10009.572,0.0,25357.37,129.92949,12775.985,0.0,179.74098,7340.25,0.0,0.0,700402.0,41.74,-87.71,0.0
639,9063.91,0.0,19711.691,1686.7126,12816.789,0.0,3667.3894,5206.713,0.0,0.0,700501.0,41.75,-87.69,0.0
640,6927.673,0.0,14980.832,1253.4182,9790.567,0.0,2696.6575,3946.7908,0.0,0.0,700502.0,41.74,-87.69,0.0
641,15221.5625,0.0,33381.594,2552.2078,21272.998,0.0,5464.458,8846.327,0.0,0.0,710100.0,41.75,-87.64,1.0
642,7273.626,0.0,13935.534,2294.5037,11095.896,0.0,4927.0654,3315.366,0.0,0.0,710200.0,41.76,-87.65,0.0
643,18916.922,0.0,45729.02,1305.9167,24736.36,0.0,2385.1863,12692.671,0.0,0.0,710300.0,41.75,-87.66,0.0
644,4063.2354,0.0,8259.337,1002.41583,6005.202,0.0,2201.0432,2105.1072,0.0,0.0,710400.0,41.75,-87.67,0.0
645,3489.8115,0.0,9979.381,0.0,3936.657,0.0,0.0,3026.4143,0.0,0.0,710500.0,41.75,-87.67,1.0
646,6613.28,0.0,17760.393,0.0,7759.3984,0.0,0.0,5292.3467,0.0,0.0,710600.0,41.75,-87.66,1.0
647,5789.7827,0.0,13324.5,283.42853,7418.0303,0.0,659.0984,3685.5125,0.0,0.0,710700.0,41.75,-87.66,1.0
648,3383.4805,0.0,7351.5317,725.4727,4897.666,0.0,1438.9258,1887.4822,0.0,0.0,710800.0,41.75,-87.65,1.0
649,12490.887,0.0,27981.156,1835.6511,17245.664,0.0,3879.3884,7505.215,0.0,0.0,710900.0,41.74,-87.64,0.0
650,6832.5713,0.0,16189.459,608.3123,9108.4375,0.0,1156.093,4458.7764,0.0,0.0,711000.0,41.74,-87.65,1.0
651,10398.261,0.0,20462.705,2977.9177,15572.044,0.0,6461.083,5002.959,0.0,0.0,711100.0,41.74,-87.66,0.0
652,16113.214,0.0,40845.227,82.3914,20223.492,0.0,0.0,11681.616,0.0,0.0,711200.0,41.74,-87.67,0.0
653,2982.691,0.0,7501.0063,156.3311,3899.801,0.0,199.08327,2108.0823,0.0,0.0,711300.0,41.73,-87.67,0.0
654,7521.075,0.0,12899.044,1890.8152,11576.723,0.0,5463.6934,3745.0627,0.0,0.0,711400.0,41.73,-87.65,1.0
655,8092.495,0.0,18482.918,1052.3035,11100.742,0.0,2239.6892,5040.666,0.0,0.0,711500.0,41.73,-87.64,0.0
656,5705.0146,0.0,11740.54,1422.1384,8369.25,0.0,3045.549,2956.696,0.0,0.0,720100.0,41.73,-87.67,0.0
657,4469.793,0.0,9359.022,942.2806,6469.839,0.0,2098.775,2450.8015,0.0,0.0,720200.0,41.71,-87.67,0.0
658,13704.843,0.0,24879.365,4172.198,21043.7,0.0,9847.64,6259.135,0.0,0.0,720300.0,41.71,-87.68,0.0
659,9949.131,0.0,23059.648,1182.446,13470.54,0.0,2390.2166,6267.616,0.0,0.0,720400.0,41.71,-87.69,0.0
660,7547.3623,0.0,15328.257,2025.9133,11192.231,0.0,4262.979,3783.7078,0.0,0.0,720500.0,41.7,-87.69,0.0
661,4822.955,0.0,9611.857,1286.8108,7211.6426,0.0,2834.179,2417.3054,0.0,0.0,720600.0,41.7,-87.68,0.0
662,5148.133,0.0,10231.376,1135.094,7508.7754,0.0,2785.1064,2714.9656,0.0,0.0,720700.0,41.7,-87.67,0.0
663,3683.1133,0.0,8612.91,432.28156,5035.585,0.0,816.5542,2346.507,0.0,0.0,730100.0,41.73,-87.64,0.0
664,5794.0977,0.0,14010.829,439.51398,7677.875,0.0,801.13794,3901.382,0.0,0.0,730201.0,41.73,-87.66,0.0
665,11199.391,0.0,24011.338,2174.91,15938.962,0.0,4677.055,6275.917,0.0,0.0,730202.0,41.73,-87.65,0.0
666,10603.395,0.0,20055.727,3450.2146,16238.982,0.0,7478.6445,4737.16,0.0,0.0,730300.0,41.73,-87.66,0.0
667,4387.703,0.0,10841.928,39.929977,5510.3135,0.0,0.0,3070.7683,0.0,0.0,730400.0,41.72,-87.65,0.0
668,5317.647,0.0,11879.643,967.9393,7469.021,0.0,1929.844,3103.1057,0.0,0.0,730500.0,41.71,-87.64,0.0
669,10731.469,0.0,21311.67,2911.035,15962.009,0.0,6369.74,5287.2773,0.0,0.0,730600.0,41.71,-87.65,0.0
670,17395.469,0.0,45900.527,0.0,21113.383,0.0,0.0,13331.669,0.0,0.0,730700.0,41.7,-87.65,0.0
671,6745.6914,0.0,13950.105,1666.3894,9916.074,0.0,3520.0977,3516.4465,0.0,0.0,740100.0,41.7,-87.7,0.0
672,7053.749,0.0,13325.655,1707.4797,10607.123,0.0,4302.798,3631.8708,0.0,0.0,740200.0,41.7,-87.71,0.0
673,6667.1006,0.0,15180.224,912.45734,9196.485,0.0,1922.7346,4125.1133,0.0,0.0,740300.0,41.7,-87.71,0.0
674,6861.4287,0.0,14282.995,1577.8528,9982.293,0.0,3416.9458,3660.0974,0.0,0.0,740400.0,41.69,-87.72,0.0
675,18630.938,0.0,32688.49,5206.466,28711.402,0.0,13447.165,8861.845,0.0,0.0,750100.0,41.7,-87.65,1.0
676,1582.9833,0.0,4397.903,0.0,1891.562,0.0,0.0,1314.2716,0.0,0.0,750200.0,41.7,-87.67,0.0
677,5138.9614,0.0,15322.161,0.0,5594.7275,0.0,0.0,4650.6255,0.0,0.0,750300.0,41.7,-87.69,0.0
678,3776.9858,0.0,9007.74,302.32843,5052.806,0.0,622.6233,2528.8992,0.0,0.0,750400.0,41.69,-87.69,0.0
679,15997.512,0.0,40041.02,264.97736,20286.314,0.0,335.198,11444.921,0.0,0.0,750500.0,41.68,-87.67,0.0
680,9115.134,0.0,20290.506,1465.2107,12719.96,0.0,3021.6248,5389.993,0.0,0.0,750600.0,41.69,-87.65,0.0
681,9732.466,0.0,19322.652,2543.0808,14451.853,0.0,5628.213,4863.619,0.0,0.0,760801.0,41.98,-87.84,0.0
682,3168.0732,0.0,9830.526,0.0,3121.0457,0.0,0.0,3149.5715,0.0,0.0,760802.0,41.96,-87.84,0.0
683,5150.8765,0.0,10860.555,1153.5901,7489.9873,0.0,2489.3923,2809.5383,0.0,0.0,760803.0,41.98,-87.84,0.0
684,13920.72,0.0,27476.822,3932.2517,20805.973,0.0,8537.094,6739.744,0.0,0.0,770602.0,42.01,-87.91,0.0
685,6863.8174,0.0,15367.155,1039.0208,9554.168,0.0,2178.2244,4126.885,0.0,0.0,770902.0,41.97,-87.84,0.0
686,7497.152,0.0,14681.55,2132.0837,11246.66,0.0,4735.037,3633.1726,0.0,0.0,810400.0,41.99,-87.83,0.0
687,3217.6284,0.0,8585.935,0.0,3945.595,0.0,0.0,2512.477,0.0,0.0,821402.0,41.66,-87.65,0.0
688,7436.212,0.0,14271.252,2061.715,11234.029,0.0,4708.92,3627.9197,0.0,0.0,823304.0,41.68,-87.7,0.0
689,10645.853,0.0,20737.443,2360.444,15774.824,0.0,5903.0645,5674.625,0.0,0.0,830500.0,41.83,-87.72,0.0
690,9465.279,0.0,17974.674,2104.4011,14219.25,0.0,5530.217,5071.3945,0.0,0.0,830600.0,42.0,-87.67,0.0
691,7801.915,0.0,16202.842,1615.8445,11196.446,0.0,3633.4385,4217.63,0.0,0.0,830700.0,41.96,-87.66,0.0
692,14819.713,0.0,30900.996,3240.5662,21410.625,0.0,7109.82,7977.132,0.0,0.0,830800.0,41.97,-87.68,0.0
693,2644.546,0.0,6972.5596,0.0,3259.096,0.0,0.0,2084.413,0.0,0.0,830900.0,41.93,-87.68,0.0
694,4587.279,0.0,9136.2,1427.0637,6989.371,0.0,2876.0837,2159.9631,0.0,0.0,831000.0,41.91,-87.68,0.0
695,2351.2253,0.0,7328.2554,0.0,2087.6384,0.0,0.0,2404.8284,0.0,0.0,831100.0,41.94,-87.72,0.0
696,2181.0918,0.0,6342.8496,0.0,2544.6968,0.0,0.0,1895.8455,0.0,0.0,831200.0,41.92,-87.73,0.0
697,10531.588,0.0,23084.773,1682.4958,14642.222,0.0,3761.1375,6186.0645,0.0,0.0,831300.0,41.91,-87.74,0.0
698,6170.5557,0.0,14383.866,679.10675,8349.193,0.0,1367.2546,3939.744,0.0,0.0,831400.0,41.87,-87.76,0.0
699,8464.723,0.0,16508.344,2083.3245,12648.099,0.0,4946.579,4364.91,0.0,0.0,831500.0,41.93,-87.79,0.0
700,3089.5293,0.0,9430.125,0.0,3235.7803,0.0,0.0,2935.6072,0.0,0.0,831600.0,41.93,-87.8,0.0
701,6247.2954,0.0,13103.161,1164.4236,8904.054,0.0,2745.3635,3503.2493,0.0,0.0,831700.0,41.95,-87.75,0.0
702,16253.919,0.0,34940.855,3053.7644,22998.824,0.0,6630.2686,9166.2,0.0,0.0,831800.0,41.98,-87.72,0.0
703,6718.799,0.0,14375.791,1439.8303,9657.486,0.0,2996.1814,3692.8562,0.0,0.0,831900.0,41.95,-87.67,0.0
704,3312.7148,0.0,7394.8633,432.98077,4572.1396,0.0,1051.8025,2054.844,0.0,0.0,832000.0,41.95,-87.65,0.0
705,6959.354,0.0,17864.139,8.836716,8755.884,0.0,0.0,5155.5605,0.0,0.0,832100.0,41.95,-87.65,0.0
706,9540.251,0.0,18616.28,2741.738,14327.948,0.0,6020.9614,4565.537,0.0,0.0,832200.0,41.92,-87.68,0.0
707,12463.353,0.0,27131.11,2096.3738,17470.19,0.0,4597.0938,7220.29,0.0,0.0,832300.0,41.92,-87.67,0.0
708,18736.264,0.0,41202.086,3055.3445,26113.51,0.0,6579.081,10958.665,0.0,0.0,832400.0,41.92,-87.69,0.0
709,5244.4287,0.0,11859.236,830.48126,7306.2876,0.0,1626.3181,3142.0632,0.0,0.0,832500.0,41.92,-87.66,0.0
710,8409.125,0.0,17522.512,1808.4226,12137.468,0.0,4035.9282,4556.127,0.0,0.0,832600.0,41.91,-87.65,0.0
711,6235.7236,0.0,10724.331,0.0,5883.3286,0.0,0.0,2439.7166,0.0,0.0,832900.0,41.87,-87.66,0.0
712,6273.3945,0.0,13805.638,1037.8918,8764.335,0.0,2184.9543,3654.9426,0.0,0.0,833000.0,41.89,-87.66,0.0
713,6998.385,0.0,17585.84,203.31425,8976.783,0.0,232.48952,4993.5186,0.0,0.0,833100.0,41.88,-87.66,0.0
714,9116.352,0.0,19657.617,1783.2156,12981.854,0.0,3806.6228,5139.449,0.0,0.0,833300.0,41.87,-87.65,0.0
715,6096.9395,0.0,11924.256,1799.4031,9217.522,0.0,3868.782,2898.428,0.0,0.0,833900.0,41.73,-87.55,0.0
716,5176.912,0.0,13700.385,0.0,6365.4795,0.0,0.0,4026.9963,0.0,0.0,834000.0,41.73,-87.63,0.0
717,4484.3667,0.0,10432.85,490.38068,6053.2153,0.0,996.3108,2855.385,0.0,0.0,834200.0,41.76,-87.58,1.0
718,5553.4004,0.0,12275.046,938.4134,7779.8906,0.0,1946.7527,3244.4905,0.0,0.0,834300.0,41.75,-87.59,0.0
719,6332.878,0.0,14481.572,883.77423,8735.662,0.0,1749.1038,3892.035,0.0,0.0,834400.0,41.78,-87.6,1.0
720,16361.877,0.0,38899.46,1461.6218,21807.783,0.0,2877.243,10763.562,0.0,0.0,834500.0,41.79,-87.63,1.0
721,19458.15,0.0,45778.047,1914.0261,25965.535,0.0,3737.0603,12526.892,0.0,0.0,834600.0,41.79,-87.63,1.0
722,10261.566,0.0,29006.33,0.0,11770.495,0.0,0.0,8635.709,0.0,0.0,834700.0,41.79,-87.65,0.0
723,5371.1177,0.0,12677.847,521.7542,7215.257,0.0,1085.0588,3518.8162,0.0,0.0,834800.0,41.78,-87.65,1.0
724,9527.27,0.0,22937.879,743.8309,12563.344,0.0,1356.6277,6344.8,0.0,0.0,834900.0,41.77,-87.66,0.0
725,1374.9603,0.0,4471.432,0.0,1476.9346,0.0,0.0,1367.5067,0.0,0.0,835000.0,41.78,-87.69,1.0
726,6218.9565,0.0,12974.707,1447.3958,9047.885,0.0,3085.9429,3303.4778,0.0,0.0,835100.0,41.79,-87.69,0.0
727,8275.803,0.0,12583.114,2071.6995,13098.519,0.0,6561.415,3989.9207,0.0,0.0,835200.0,41.8,-87.75,1.0
728,22368.889,0.0,54908.74,1064.6921,28839.791,0.0,1771.3289,15385.591,0.0,0.0,835500.0,41.82,-87.63,1.0
729,2085.9287,0.0,6612.179,0.0,2181.6975,0.0,0.0,2047.082,0.0,0.0,835600.0,41.8,-87.63,1.0
730,6771.3584,0.0,20841.615,0.0,6665.369,0.0,0.0,6711.125,0.0,0.0,835700.0,41.81,-87.63,1.0
731,19802.25,0.0,43591.297,3347.3757,27667.145,0.0,7041.082,11511.019,0.0,0.0,835800.0,41.81,-87.62,0.0
732,3556.8718,0.0,10116.736,0.0,4161.605,0.0,0.0,3105.2068,0.0,0.0,835900.0,41.82,-87.62,1.0
733,2737.519,0.0,8054.617,0.0,3019.5217,0.0,0.0,2463.102,0.0,0.0,836000.0,41.81,-87.61,0.0
734,4936.2314,0.0,10527.983,974.51056,7068.2803,0.0,2125.6418,2763.9192,0.0,0.0,836100.0,41.8,-87.62,0.0
735,17266.46,0.0,33866.812,3579.8972,25385.955,0.0,9205.633,9400.567,0.0,0.0,836200.0,41.79,-87.6,0.0
736,3501.6162,0.0,7596.033,707.22345,5037.078,0.0,1472.3824,1985.2634,0.0,0.0,836300.0,41.8,-87.6,0.0
737,11144.297,0.0,22572.686,2841.4783,16452.715,0.0,6240.7324,5702.0293,0.0,0.0,836400.0,41.82,-87.6,0.0
738,3075.984,0.0,9611.769,0.0,2196.0066,0.0,0.0,3438.325,0.0,0.0,836500.0,41.83,-87.6,1.0
739,12019.529,0.0,24818.455,2872.3835,17558.432,0.0,6218.0405,6312.4863,0.0,0.0,836600.0,41.9,-87.71,0.0
740,12360.088,0.0,37326.793,0.0,12916.778,0.0,0.0,11452.583,0.0,0.0,836700.0,41.89,-87.7,0.0
741,21209.887,0.0,49899.125,1965.7468,28201.652,0.0,3965.9773,13727.81,0.0,0.0,836800.0,41.89,-87.71,1.0
742,10880.926,0.0,29126.48,0.0,13123.457,0.0,0.0,8600.111,0.0,0.0,836900.0,41.88,-87.71,1.0
743,13775.78,0.0,37381.79,0.0,16226.765,0.0,0.0,11025.187,0.0,0.0,837000.0,41.88,-87.7,1.0
744,7248.1567,0.0,15366.203,1532.824,10442.734,0.0,3285.8057,3981.485,0.0,0.0,837100.0,41.89,-87.7,1.0
745,3075.2478,0.0,9730.448,0.0,2473.3691,0.0,0.0,3297.9634,0.0,0.0,837300.0,41.87,-87.71,0.0
746,11558.785,0.0,24623.15,2297.409,16441.402,0.0,4984.9834,6408.4473,0.0,0.0,837400.0,41.88,-87.69,0.0
747,9130.881,0.0,18876.695,2122.8904,13294.345,0.0,4605.701,4816.8643,0.0,0.0,837800.0,41.88,-87.68,0.0
748,5356.253,0.0,10655.847,1589.0706,8105.7646,0.0,3328.0515,2582.4045,0.0,0.0,838000.0,41.88,-87.68,0.0
749,7582.21,0.0,16384.219,1327.408,10676.077,0.0,2884.5876,4330.632,0.0,0.0,838100.0,41.88,-87.67,1.0
750,2013.0925,0.0,6443.807,0.0,2002.4949,0.0,0.0,2078.3733,0.0,0.0,838200.0,41.87,-87.68,0.0
751,16908.863,0.0,38560.26,1923.2781,22858.945,0.0,4248.3203,10570.157,0.0,0.0,838300.0,41.9,-87.64,1.0
752,6313.1064,0.0,13242.199,1500.906,9195.327,0.0,3076.4248,3324.2917,0.0,0.0,838600.0,41.87,-87.7,1.0
753,5791.7456,0.0,14603.699,172.31377,7398.8447,0.0,117.20777,4108.304,0.0,0.0,838700.0,41.86,-87.72,0.0
754,13168.367,0.0,31704.555,922.1668,17281.293,0.0,1687.8406,8799.786,0.0,0.0,838800.0,41.68,-87.57,1.0
755,8691.836,0.0,15999.264,2079.7332,13157.22,0.0,5533.967,4485.825,0.0,0.0,839000.0,41.87,-87.63,0.0
756,3183.3213,0.0,8377.947,0.0,3844.1228,0.0,0.0,2510.9946,0.0,0.0,839100.0,41.88,-87.63,0.0
757,13426.432,0.0,23008.5,4050.3757,20730.264,0.0,10055.37,5900.9062,0.0,0.0,839200.0,41.84,-87.62,0.0
758,6112.059,0.0,15192.87,215.6873,7857.653,0.0,294.18726,4290.1514,0.0,0.0,839500.0,41.83,-87.62,0.0
759,4839.086,0.0,11702.139,391.9129,6432.216,0.0,730.50366,3258.4626,0.0,0.0,839600.0,41.83,-87.62,0.0
760,16454.92,0.0,33965.54,3672.3132,23875.45,0.0,8208.789,8785.599,0.0,0.0,839700.0,41.83,-87.65,0.0
761,16247.608,0.0,38158.61,1552.3855,21677.832,0.0,3088.0125,10476.409,0.0,0.0,839800.0,41.84,-87.64,0.0
762,5367.3555,0.0,12795.811,528.9173,7205.0522,0.0,1057.1794,3544.945,0.0,0.0,839900.0,41.83,-87.65,0.0
763,12041.418,0.0,21134.914,3219.077,18626.045,0.0,8602.298,5944.3945,0.0,0.0,840000.0,41.83,-87.64,0.0
764,6296.7896,0.0,14977.333,586.743,8408.675,0.0,1092.741,4115.049,0.0,0.0,840100.0,41.84,-87.64,1.0
765,4332.663,0.0,9907.1875,578.1834,5961.8413,0.0,1275.4392,2720.969,0.0,0.0,840200.0,41.84,-87.65,0.0
766,10158.158,0.0,23631.07,1106.154,13693.483,0.0,2304.0046,6485.1514,0.0,0.0,840300.0,41.83,-87.68,0.0
767,9926.107,0.0,20889.842,2073.0925,14237.645,0.0,4506.3623,5405.7793,0.0,0.0,840400.0,41.83,-87.67,1.0
768,5619.707,0.0,13075.442,560.10236,7548.5903,0.0,1163.5061,3600.3918,0.0,0.0,840700.0,41.85,-87.69,1.0
769,14449.701,0.0,28320.629,2871.3328,20258.373,0.0,6730.0464,7139.128,0.0,0.0,840800.0,41.84,-87.71,1.0
770,20675.227,0.0,39870.57,4875.9717,30759.047,0.0,12105.88,10765.483,0.0,0.0,841000.0,41.85,-87.61,0.0
771,13885.311,0.0,28793.041,3172.5867,20201.518,0.0,6945.0615,7399.841,0.0,0.0,841100.0,41.85,-87.64,0.0
772,7513.0596,0.0,14747.576,2047.862,11305.716,0.0,4594.0083,3740.743,0.0,0.0,841200.0,41.86,-87.68,1.0
773,4546.467,0.0,12700.221,0.0,5317.484,0.0,0.0,3789.8796,0.0,0.0,841300.0,41.84,-87.68,1.0
774,5574.2173,0.0,10709.11,1538.779,8468.77,0.0,3540.0535,2758.553,0.0,0.0,841400.0,41.85,-87.71,0.0
775,9537.5,0.0,18890.918,2565.2097,14241.46,0.0,5688.965,4746.296,0.0,0.0,841500.0,41.86,-87.71,0.0
776,12201.758,0.0,24356.926,3375.3474,18175.621,0.0,7323.9844,6021.1377,0.0,0.0,841600.0,41.86,-87.71,0.0
777,5478.0615,0.0,13342.065,363.19806,7192.6284,0.0,686.95874,3741.5144,0.0,0.0,841700.0,41.85,-87.7,0.0
778,0.0,105.96298,0.0,0.0,305.91656,218.2109,0.0,16.287113,0.0,91.59213,841800.0,41.77,-87.6,0.0
779,12275.933,0.0,22909.1,3233.198,18600.902,0.0,7946.421,6099.8584,0.0,0.0,841900.0,41.87,-87.64,0.0
780,6282.3535,0.0,13101.894,1441.9407,9126.616,0.0,3052.7524,3330.431,0.0,0.0,842000.0,41.83,-87.63,0.0
781,8331.561,0.0,17714.299,1605.1482,11850.96,0.0,3492.8137,4629.1836,0.0,0.0,842100.0,41.9,-87.73,1.0
782,8999.394,0.0,17907.465,2479.4695,13403.901,0.0,5355.0645,4412.1084,0.0,0.0,842200.0,41.9,-87.65,0.0
783,3039.3286,0.0,9673.535,0.0,2650.547,0.0,0.0,3191.171,0.0,0.0,842300.0,41.91,-87.66,0.0
784,5225.8096,0.0,12292.159,510.47736,7041.4814,0.0,1044.9026,3406.0447,0.0,0.0,842400.0,41.74,-87.63,0.0
785,14919.41,0.0,31827.756,2949.1287,21249.32,0.0,6356.838,8288.358,0.0,0.0,842500.0,41.78,-87.62,1.0
786,3338.0366,0.0,9128.775,0.0,4063.8093,0.0,0.0,2621.8875,0.0,0.0,842600.0,41.82,-87.65,0.0
787,5519.133,0.0,15631.89,0.0,6317.747,0.0,0.0,4666.12,0.0,0.0,842800.0,41.81,-87.7,0.0
788,6015.383,0.0,16317.906,0.0,7151.079,0.0,0.0,4792.1,0.0,0.0,842900.0,41.86,-87.67,1.0
789,13167.109,0.0,26413.28,3256.0789,19325.406,0.0,7226.5327,6691.677,0.0,0.0,843000.0,41.87,-87.72,0.0
790,5931.787,0.0,12417.0205,1151.2375,8426.536,0.0,2558.0002,3232.7834,0.0,0.0,843100.0,41.86,-87.7,0.0
791,4274.9707,0.0,12429.157,0.0,5001.8477,0.0,0.0,3591.452,0.0,0.0,843200.0,41.85,-87.66,1.0
792,3698.5635,0.0,8969.596,241.48076,4881.2183,0.0,416.14502,2505.2195,0.0,0.0,843300.0,41.86,-87.69,1.0
793,8032.986,0.0,14307.147,1940.2292,12307.505,0.0,5443.013,4148.385,0.0,0.0,843400.0,41.85,-87.73,1.0
794,7064.8516,0.0,15996.639,1134.2351,9777.244,0.0,2232.3655,4216.8887,0.0,0.0,843500.0,41.84,-87.7,1.0
795,7476.261,0.0,14032.566,1930.6824,11297.261,0.0,4715.24,3726.2996,0.0,0.0,843600.0,41.81,-87.61,0.0
796,4348.6567,0.0,11779.093,0.0,5258.115,0.0,0.0,3407.471,0.0,0.0,843700.0,41.95,-87.69,0.0
797,5130.4077,0.0,10982.377,921.60284,7300.5015,0.0,2124.917,2952.8044,0.0,0.0,843800.0,41.8,-87.64,0.0
798,6515.6245,0.0,14274.7295,1157.4368,9197.37,0.0,2486.1965,3788.3186,0.0,0.0,843900.0,41.78,-87.58,0.0
