tract_id,house_num,shape_area,shape_length,shape_area_c,shape_length_c,target
832400,779.0,2228243.350597888,154689.9104219521,2040188.865580877,141230.22615593707,0
832500,177.0,1712525.714536613,65381.66983070549,1571339.410265809,59466.536988227344,0
832600,192.0,1542560.1435531238,62029.187003813655,1418126.4513712665,56437.29505020157,0
832900,116.0,916584.3077433,39755.60737465367,844026.9777841371,36175.309647368245,0
833000,106.0,3059689.5935935145,72289.00623599203,2786114.4842366544,65925.25291837672,0
833100,95.0,3245386.3416224523,71897.76792153902,3012930.683908757,66069.68239354233,0
835800,246.0,1147077.0071124008,68659.55961890967,1047445.4173261144,62364.17319805768,0
836000,257.0,801662.7102675012,58086.95250941104,734047.8567398754,52945.57754501781,0
836300,173.0,1210660.6253836122,60347.90929183062,1098884.4389009203,54822.62332262593,0
837800,207.0,3287827.119330232,91391.09045219938,3046728.8528587027,84485.12993728674,0
839000,86.0,1941409.664905208,60731.57309415164,1787061.0718738718,56470.61512289768,0
839100,60.0,2208924.368004049,47673.709144886,1978790.2696535743,42603.656399616906,0
840000,401.0,1494547.3745249272,81305.95599604229,1359832.553533074,74686.80910585489,0
840200,244.0,844845.0036472959,53197.20607825673,771875.3411536372,48744.01118887224,0
841000,3.0,28216.353390505505,1118.7159733768665,23492.697437832023,943.562084555056,0
841900,72.0,2285001.7242594548,47099.75202202911,2154455.863993388,44497.27572899753,0
842000,111.0,1841553.481385952,56102.96343119445,1717606.1496546343,52189.24831413297,0
842200,88.0,2130730.3616123404,54013.89176484464,1995713.599439703,50180.044470145534,0
842300,85.0,1787471.973599181,47035.8206520063,1647112.5179150586,43109.408542149016,0
842600,60.0,3912236.845787423,56281.81546222924,3744920.0260650665,53670.10604905311,0
843700,402.0,1927186.8041972236,97538.06694528578,1808441.1647722835,91075.12328210215,0
90100,1279.0,1899790.199818464,193204.77684356263,1824905.5616582783,185130.6004367493,0
90200,892.0,1603911.6311382838,148147.7408588154,1515201.7465920667,139548.737790228,0
90300,885.0,1660773.244300278,141986.86241121232,1573380.1290510115,134275.09274595184,0
10100,225.0,1454984.0914236698,72551.95821891497,1327323.530474434,66058.1912328596,1
10501,190.0,1675648.72660441,76835.65628931575,1526397.942002358,69910.85061810735,1
10502,296.0,1755027.3016452151,88838.85643376564,1582706.7359726112,80363.89402641986,1
10702,305.0,2023627.9598841504,100301.9016157304,1864644.116685971,92368.40601170904,1
140301,740.0,1906370.2625244723,154917.55309811962,1755968.814731299,142443.4560437427,1
160300,372.0,1588369.9813915803,103019.5113624404,1480739.0713861664,96537.36245024712,1
190100,835.0,2754060.1421765275,164427.13222799578,2595687.6232737727,154232.18893806162,1
190300,1408.0,2472325.779119986,230415.4557232319,2353562.1070515164,218683.64328485585,1
191000,696.0,2815608.960809865,139501.7938487393,2646099.368918775,130586.33285522457,1
20602,1014.0,2176518.142079308,191037.1540551336,2051084.4122095576,180146.31419342663,1
20901,454.0,1565987.9784807365,106317.73787382936,1460948.09942259,99249.4268014182,1
210501,811.0,1819425.2696108427,153379.06152490628,1672264.680278398,140743.13893831964,1
210502,771.0,1493057.0343814269,138863.49376905803,1365264.207612543,126244.18761203116,1
220300,761.0,1583921.2709354649,140369.1221327883,1463952.1288618178,129575.2553083126,1
220602,675.0,1737353.4568239658,137805.73613207403,1586241.3720262293,126534.08786542751,1
220901,532.0,1463250.8954854254,101625.50439104732,1333439.5461833382,92137.12019012572,1
220902,781.0,1960170.456040833,148303.02873234535,1780305.713497161,134785.72446353754,1
222500,706.0,2064330.4533142915,147204.8493357717,1916362.6392035736,135828.978729986,1
222900,315.0,1747948.1785835435,75604.78077203293,1632664.2876494222,69120.16858580046,1
230400,582.0,1897518.629202156,116622.88939588076,1756956.255705577,106269.47503055783,1
230500,482.0,2151505.0062832725,109388.1212507473,2000457.6324174872,100367.96801738604,1
230800,554.0,1611476.0939173196,98773.33897354336,1474797.0267837294,89221.50520882824,1
230900,502.0,1044744.6403843712,81134.53138986252,946083.544787402,72909.98839066594,1
241000,475.0,1377875.4064531792,101483.76352501885,1262249.337057413,92509.20779546938,1
241100,547.0,1540050.6593214893,113676.32252441086,1415517.4199177348,103289.36620449409,1
242000,170.0,823545.9684802386,44775.84214191442,754564.427180564,40334.49278250583,1
242800,421.0,1343415.7407050622,80663.3430752896,1226861.2256970007,73489.83891795382,1
243100,425.0,1505966.252875805,87772.76600955917,1374972.3866065112,79237.74144137908,1
251100,999.0,2162801.271012422,179816.91994133993,2014165.8988763285,168151.41781664776,1
251400,595.0,1490600.143472016,104584.0716472071,1397044.7898751476,97181.93722524084,1
251500,614.0,1199851.1854816787,109013.33354605694,1134192.0073379364,103030.194459097,1
251900,563.0,1756047.546259486,117476.52917892652,1663420.2689927053,111163.19735484452,1
260900,151.0,634040.8350390868,35750.528580298065,569783.1681351342,32055.88325178553,1
271500,252.0,1267325.2737182025,58649.426665301,1160362.0991133845,53356.28863087853,1
280400,127.0,2076320.6334327108,65333.3882790524,1930626.354694676,60693.520588332496,1
290900,389.0,1065582.3079044654,77409.5580419702,976555.8944062522,70279.04906613535,1
291600,310.0,4172959.120103551,100536.85122829273,3793158.7332461,91833.00114588962,1
300500,600.0,1437315.3136421482,115387.74509006136,1314497.2678196123,105020.2761395076,1
300800,824.0,1951433.0857322072,154916.01602687605,1808772.1072031823,141668.86520769334,1
300900,740.0,1864618.5797935843,145779.65721173232,1718019.4287402348,132775.2644207488,1
30101,88.0,1386007.4332933486,48285.60996088872,1263633.5667097876,43980.0112689826,1
30102,81.0,1362252.3517725114,45996.449864351474,1233213.5375898597,41779.80035590669,1
30103,75.0,1623143.531958536,47199.42321629753,1467431.5495515235,42715.22786450563,1
30104,57.0,1450812.880429935,38085.91768624964,1315757.1635506845,34524.93482566519,1
301100,573.0,1578539.163620541,107323.47487137889,1468213.931651482,98915.11666699992,1
301200,548.0,1912209.3131346009,106146.37277117706,1767176.632889496,97940.53492911904,1
301600,1216.0,1687334.2382832747,196214.5647074743,1551142.93600252,180555.4507507044,1
30400,406.0,1665932.732528936,92946.69439008554,1521645.7695108429,84565.10031837875,1
30601,92.0,1106588.4308330826,40677.57911135406,1008744.670222338,37004.33862595826,1
30604,28.0,618124.406352209,17256.46273917301,561147.2840142583,15748.316903133496,1
30706,18.0,216943.39151896528,7243.1651364410045,189479.48663587047,6378.605513480603,1
310600,276.0,1482803.9123453444,77262.45123393007,1338526.4670622055,68918.76953367557,1
310900,434.0,1213272.6220555806,80318.25576786241,1102435.778103649,72244.34645311799,1
31100,276.0,1259185.802193191,67985.45632151459,1127079.145287528,60906.23416432503,1
31700,329.0,1828173.9780268995,97908.6702153936,1667282.306190998,89634.19091965066,1
32100,164.0,1422338.3613646557,66665.66304923696,1290514.6366915377,60534.28061811461,1
330100,11.0,540068.8588369526,8252.321575383163,494208.1921322443,7631.106531985241,1
340600,52.0,1579369.4597368464,34189.31376988117,1464733.707188547,32099.00671787169,1
351100,70.0,705208.3323577347,28053.022420375943,653056.4669115706,25862.146054437544,1
351400,183.0,988222.0675582628,52596.47633742774,917163.9364069966,48544.46698327474,1
351500,95.0,631768.4757469447,29959.22068283291,589721.6391526536,27826.77459607464,1
380700,192.0,1153397.7047009133,60899.38007802219,1072579.2235494745,56410.2393668334,1
381800,202.0,1067946.9926687758,60040.41494551601,996032.2823331514,55531.38512503326,1
390100,47.0,127116.5891907253,9520.115388007102,116629.2076266288,8726.947059959633,1
400500,229.0,928714.2445972709,59888.92326075932,853038.3088166442,54942.01928259698,1
40202,742.0,1954827.0328341515,146544.55985709545,1855668.775580626,139004.21387023217,1
410500,153.0,1567279.0176826958,57851.69907235321,1439710.6581647352,52477.06040787488,1
420200,168.0,1122473.4189055248,54309.7324280609,1034691.1640019288,49842.74860429474,1
420400,167.0,1356789.4840552306,58109.00697457665,1236426.3167778463,52711.44096675552,1
420800,272.0,815787.0964916258,61010.01168016847,745819.1538691361,55078.1868770376,1
421200,341.0,910225.7842838542,66115.65293688948,835434.5729710776,60359.65639975092,1
430600,591.0,2082300.044780993,133788.41035800608,1961020.4138922384,125711.98619804662,1
430900,613.0,2146480.7484292705,129836.35800347112,2038296.3693062149,123265.35089860296,1
440101,341.0,1541670.408324165,96627.89152379148,1417432.5449600366,88411.90023528431,1
440800,435.0,1180340.7607211212,82140.3770934703,1102035.8386403087,76112.23100942475,1
440900,589.0,1111484.5992646746,96383.81464266416,1015065.9150765452,88214.90185526144,1
460200,339.0,966004.5938916096,70879.53436737644,885262.1498172481,64196.96326036991,1
460500,933.0,1917866.4112646824,166968.94661592878,1817367.108959556,157921.67690143592,1
460600,562.0,1369531.447530245,103904.5479498194,1268778.4105986536,96900.32220570806,1
460700,386.0,1135502.1323462704,88855.63446218557,1043818.3370239732,81135.22264377924,1
461000,158.0,774678.9447473753,41772.61925781258,715607.9059056954,38387.401913040136,1
490600,841.0,1121612.9825471472,127279.65038067669,1063848.70352445,120985.33328067895,1
500200,33.0,1307187.1172094876,20338.5054958705,1226153.2043201106,18973.959473922117,1
500300,140.0,1577525.820988573,40980.26939708846,1477102.7468037554,37563.411366913264,1
510100,291.0,453699.5199047513,48672.58052614503,421974.9103661287,45203.58366815771,1
520100,47.0,143338.5805217866,9884.243646743893,131440.4771249458,9015.120286096084,1
520200,173.0,443485.4670042413,34652.36866448601,410090.07975453854,31848.679097581437,1
520300,1026.0,1592669.5961629427,162953.48050203596,1487440.316540144,151497.88362032536,1
530100,428.0,897501.969861295,76662.99031200384,834262.1329337645,71151.65570339594,1
570200,342.0,5068799.65704131,123533.09497307712,4767409.9237061525,116004.22762636653,1
580400,733.0,1299722.7645839944,116063.82125259144,1229971.7076880916,109103.55018017864,1
580600,1034.0,1744104.6895006876,169050.43846710125,1635413.0964182576,157944.44953753584,1
600600,657.0,1454753.425176144,126124.69881264676,1330567.6267892506,115206.20356977262,1
600700,379.0,799015.723967202,73808.83811701096,721374.1201276382,66316.5288942872,1
610300,110.0,1625009.5385515548,40023.59559591089,1533443.951434066,37312.69702816506,1
611000,258.0,1159753.2784181857,56586.40671609224,1094512.36765927,53306.992806179056,1
611100,452.0,813094.2204097714,84099.9984431903,738829.7660596805,76390.82156687664,1
611200,501.0,1110287.751362611,101574.29851300524,1005033.5951712078,91627.00091183891,1
611300,625.0,1509828.488728859,129225.59200039388,1373052.429789572,116451.86155433278,1
611400,786.0,1587506.0449781695,143842.82097982563,1439518.6738514495,129332.4948946828,1
611500,566.0,1566920.1080083232,98272.42664794918,1451448.115435908,90882.10838100876,1
611600,548.0,932722.2041055696,87377.01906881049,864897.7659234513,81440.15064236894,1
630100,312.0,1587202.7071367565,70170.68525491023,1459772.562484963,64629.15205844071,1
630200,496.0,3437546.0394789358,115300.42144225788,3230256.538493396,108821.36046847352,1
630400,1349.0,2031582.902863972,208786.06717473315,1930168.6636750356,197691.5908806602,1
650100,875.0,1550283.1144150496,131984.60607883424,1434510.6926039292,121809.95651149208,1
660400,1255.0,1843845.0241150607,186819.39319224076,1726985.0570245294,174601.93779429572,1
660500,1122.0,2050965.6394774504,173538.1004333783,1923259.4394563728,163099.41318906224,1
660600,1069.0,2301669.194828663,198536.64941586912,2165322.7727568424,186445.55735247416,1
660700,731.0,1566192.0572616816,133048.44533121563,1458547.0070063148,124043.00526439972,1
670600,529.0,1309265.652960697,100473.27643420771,1222213.3346902544,93398.3502069385,1
671300,627.0,1331268.468122095,111173.22380852094,1248126.1685352845,103716.84077082784,1
671600,403.0,906577.515541157,78932.6287296968,837077.23557354,72524.76238550228,1
681300,382.0,892600.6018216368,77230.44897384624,833084.3961886764,72177.82051140406,1
690300,176.0,604343.7933857443,39882.36774015392,576361.9934340233,37749.64248711091,1
691500,296.0,924561.7016016672,63532.21399886579,853305.840087279,58201.11693690994,1
710100,445.0,1127382.747155411,89960.42264824643,1071599.5982344244,85420.72385279764,1
710500,783.0,1703486.1986111552,146329.61220245162,1595518.6056807928,136567.6935654223,1
710600,639.0,1773558.0603465252,134510.72552654598,1630915.8268463972,124429.42175335452,1
710700,924.0,2293138.9537395053,182923.4215604075,2149645.199356877,171469.214250842,1
710800,956.0,2596457.422209928,197704.3725070636,2448488.10393717,186137.10590954224,1
711000,942.0,1752387.720652149,159529.1088455632,1662521.288925255,150972.29802886184,1
711400,732.0,1252320.2947947308,121772.0897831974,1193811.123719297,116264.138897436,1
750100,689.0,1080439.7511421386,105760.18729010438,1037246.2508999526,101429.30560978144,1
81900,118.0,1971162.3333089496,61034.8392869519,1785986.829976766,56191.229624029125,1
834200,664.0,1571569.518678548,129454.94546969736,1482534.4705040418,122671.8627178956,1
834400,290.0,1042611.1566410032,66364.2460838666,961173.0353837684,60694.77670590671,1
834500,162.0,912188.6645653156,48294.195220984846,849199.1287686288,44899.47997038202,1
834600,204.0,429776.9274098442,36546.9720581981,396421.8830094642,34162.54187603245,1
834800,325.0,1146014.0453268443,70948.86839501186,1076766.7246666434,66545.86615944131,1
835000,878.0,1969602.1574860085,166020.9357417758,1838771.274290926,154900.5418936535,1
835200,251.0,2862509.6854252666,68096.37221754737,2607870.978252676,63081.90020027022,1
835500,309.0,758833.4266296456,60330.73018872566,723048.951165164,57093.01613186576,1
835600,116.0,379485.2806876338,24771.557716985608,363309.1126081633,23555.029028114237,1
835700,96.0,646019.1058774756,31721.826390342787,606790.4810378512,29607.70993366531,1
835900,187.0,955005.0820987652,54046.76132188593,879932.0251357845,49586.416476327664,1
836500,4.0,49185.54932752437,1710.224980449069,47535.73273739182,1632.8426899352612,1
836800,121.0,645161.7708405426,29571.19274638616,586317.7549089597,26864.412489289258,1
836900,197.0,1372434.6173379067,56072.75059468558,1295359.8546497382,52130.52324010951,1
837000,316.0,1006079.423039252,65063.5144996453,936237.8452005924,60244.12139393546,1
837100,251.0,1663348.4991139197,69110.66840569841,1557735.444090007,64086.7330771506,1
838100,50.0,2370754.561220751,42401.4393497229,2160429.4475780213,38547.48844201161,1
838300,108.0,1538943.7339706605,52740.26293573565,1429496.199291917,49134.39601780316,1
838600,190.0,962171.9552161526,50543.83269065889,896927.3497777443,46685.61887899577,1
838800,17.0,71713.48803496729,4492.285595460667,68464.02071041972,4260.506938171046,1
840100,924.0,1914195.8611373089,164213.60422283848,1779355.20041332,151216.46192349444,1
840400,599.0,1747181.4779539795,113308.88481497334,1641979.3702368771,104949.68284523308,1
840700,686.0,1872371.397189371,131187.6566847491,1724619.2175915358,120429.94944525816,1
840800,1019.0,1956533.3321925823,176005.33985507098,1814234.864310431,162345.02035313263,1
841200,532.0,1328298.8416367488,96900.60396532486,1209418.7769612465,87634.29048139157,1
841300,95.0,2216525.023997031,47662.096710644095,2092661.8173165687,44346.93743633943,1
842100,422.0,2083776.173355682,87887.8719020805,1964920.0951806805,81250.98542801864,1
842500,38.0,232549.47318874497,11376.87961961788,220628.9892129722,10725.12637793477,1
842900,28.0,437871.9383563753,15085.016552321886,405152.6385249589,13932.469466279936,1
843200,70.0,2201566.8095071106,44161.59662025257,2066833.3857757496,41421.988982201074,1
843300,185.0,2216144.472320149,66196.46763820015,2091282.852921649,62284.59600496206,1
843400,517.0,1560920.5079789914,97819.7997282142,1446811.57617308,89920.06088909584,1
843500,123.0,2046081.03712016,56578.625090196016,1890737.1634281613,52507.5594692302,1
10201,455.0,1895879.0473866817,119894.62179621668,1771232.6369782255,111565.86352754945,0
10202,251.0,1691946.1983081887,73104.07602520232,1563788.3028492257,67447.51400272497,0
10300,253.0,1538230.8893172983,78344.32799757301,1423119.3646889187,72304.33452434921,0
10400,93.0,744669.8650790509,33168.62265356795,662091.1082138905,29442.466776062643,0
10503,332.0,1770017.6145899503,94958.3014380321,1604227.4081841612,86475.64541562443,0
10600,279.0,1820970.3112608213,93192.40151220185,1665321.808931862,85612.32592298972,0
130100,385.0,709233.5243248532,65223.56480372,664742.217916667,60999.63217733664,0
140100,411.0,1535178.285538582,99497.47162624673,1448507.7847925208,93230.3966474991,0
140200,562.0,2424776.063719304,138638.76515005628,2263912.784380312,129385.71748546616,0
140601,930.0,2031983.3644831628,166362.27776738338,1882667.3506266775,153388.78382085075,0
151001,1055.0,1728954.5638993925,161099.11503391768,1641731.592944198,152973.65274989416,0
151002,984.0,1902038.980355248,163835.54998176132,1811070.6610269644,155628.36638599448,0
160400,681.0,1468571.7481064554,128935.3058217842,1359641.1052309258,119347.50616566304,0
161300,785.0,1776115.02660249,139000.23184373265,1650295.281966189,128881.698523595,0
170100,48.0,1164142.0966728088,27890.607496250068,1124244.4809917724,26710.55829198621,0
170900,1004.0,1547956.595114065,159202.0029414572,1473136.885796426,151182.73261220648,0
190402,1459.0,2756783.7549359305,246453.3048424797,2613299.0229371106,233845.3542574332,0
190601,688.0,1060340.24644555,110868.78467852093,987905.1179993316,103024.00599270662,0
190701,1179.0,2377282.6866230173,193540.63481988935,2226040.933714586,181035.5343843238,0
190702,1131.0,1915517.708806112,176973.8768459662,1799750.88382001,165761.24419058784,0
190800,1232.0,2144982.941035631,192121.2746205778,2041744.0193888624,182089.0676588512,0
190900,694.0,1250061.5570877702,109823.89693507557,1177401.7258414193,103049.66299707156,0
191100,1098.0,2076016.920215665,187417.39928925797,1949737.557109348,177050.5165156859,0
191200,621.0,2290883.070037803,121126.45309372412,2156697.566524433,114311.62303761112,0
191301,749.0,2029913.171699245,137672.2924097328,1870770.2505041808,127170.4028356013,0
191302,1071.0,2883122.4760822365,190307.74278607863,2672108.923880231,177334.910287079,0
200100,1057.0,2324141.4882910205,190556.0330727048,2177893.6083738985,178344.21757081334,0
200200,702.0,2501422.1312932363,140452.49977735186,2328040.9148549098,130313.72141691012,0
200300,953.0,1929306.4770617804,171478.96091659466,1769888.1021322354,157854.5442469969,0
200401,798.0,2565712.8215119187,152490.1073085821,2389253.124025016,140499.45294964037,0
200402,819.0,1961355.3479082608,153503.2295473612,1793921.0515854724,139966.1095913477,0
20100,433.0,1846801.620169746,115469.51999185824,1726929.9730555513,108061.25064221944,0
20500,322.0,1128114.3588932774,77244.72073680107,1062126.620324568,72501.01610895351,0
20601,879.0,2224447.79960122,174970.15645846858,2117661.464934817,166473.1148314072,0
20702,893.0,2046004.3548359536,172546.82996330294,1940204.0677416704,164169.3607384525,0
20801,1258.0,2348380.0255343355,226205.0956545972,2220182.044259069,213327.83313476836,0
20802,980.0,2272731.896082854,192916.7849572693,2153168.664930613,182286.7504968176,0
20902,216.0,1896058.8954021467,83280.49663693627,1778045.9961849735,78505.08485720253,0
210400,627.0,2571029.211648768,124060.9912497352,2370637.9325471064,113813.38585743876,0
221000,554.0,982383.2512636556,88010.54293942859,888965.4379385562,79309.17580803661,0
222800,606.0,1492101.8612189018,113549.82144171876,1376291.442992713,103850.42598919298,0
230200,626.0,1753979.7877867855,125783.96947388595,1618016.809371489,115406.75987689484,0
230300,661.0,1554236.3246926367,123195.74022873562,1428698.82576215,112337.3783449316,0
230600,711.0,1756685.3683764644,126817.74332441196,1611096.3530326644,116027.15586522403,0
230700,796.0,1708020.722411834,151277.0734388117,1562393.2286754418,137819.28557328053,0
231100,775.0,1702421.5055812935,141223.952136721,1587509.2082428343,130773.66854735174,0
231200,652.0,1108094.435130211,117829.8205017088,1004715.1576855688,106505.98474148707,0
231500,487.0,1040033.5356844215,93393.84634527015,959189.2965293104,85989.07856974483,0
240800,482.0,1279811.041833822,98119.15625490317,1186690.4760881672,90215.8362613182,0
240900,221.0,835918.73096228,50105.815278036025,768118.2712329607,45737.58774222682,0
242700,476.0,1315442.8325520365,98705.82378718132,1215543.739879302,91243.65783009742,0
250200,816.0,2485932.3418538272,139992.34025025438,2332920.405761269,131739.13625410318,0
250300,1030.0,1593121.0288549736,168092.30195746664,1502497.4984686528,157885.4239281959,0
250400,874.0,2681967.98352477,157558.4338413701,2526139.785464192,148385.26518841414,0
250600,1290.0,2647315.971762629,227066.29782491457,2522729.902024972,215915.34387371183,0
250700,1297.0,2506653.745198649,223012.17871452664,2377687.4874607394,211105.901131813,0
250800,726.0,2146445.3671203186,129747.28355716006,2044135.7579660465,123243.5309941074,0
251000,356.0,3079346.345502933,99827.85102845875,2827304.517930676,92186.1857026471,0
251200,1008.0,1582191.4277570962,157868.26391374128,1506790.3136309714,150175.83388057828,0
251300,887.0,1472865.015415795,150807.9423817651,1382098.2569410966,141656.27618241482,0
251600,913.0,1529687.679861169,150026.01513990434,1439032.9653649318,141151.27962212503,0
251700,369.0,871735.0999442472,64688.387435246805,819422.0326582006,60756.41341782471,0
251800,524.0,1326603.577650668,102504.88858725046,1232288.3199714606,95247.82168641812,0
252000,476.0,1592903.7850748114,109663.77377516964,1494500.5330037393,102897.63918985787,0
252101,10.0,51354.16708224649,2549.562439187321,49269.45686399459,2443.228647830683,0
252102,964.0,1557807.7884667497,148353.32804624533,1429651.2989565274,136253.4317673215,0
252201,745.0,1844800.993059703,137355.1955231896,1719704.4324445657,128124.47941443864,0
252202,661.0,1232900.5520069264,109698.1744111533,1132708.5061528392,100606.83108424288,0
260100,159.0,1214864.2545940871,46233.956706422905,1112596.7357092428,42053.14408905313,0
260200,236.0,1070302.9020277387,56269.632761220186,971933.4763502732,51359.65225839231,0
260300,328.0,1321919.1688353478,71880.92981271062,1230641.3851871812,66542.43233551385,0
260400,335.0,1713980.8538811393,79659.24158425553,1575850.8963302036,73349.24013017051,0
260500,436.0,1054207.0700729806,76483.83449468834,964961.854730997,69723.94370843696,0
260600,443.0,953763.9624580556,75504.15352430561,871333.7246310867,68458.73859960536,0
260700,292.0,883736.4788679515,57091.42426246764,808317.5619966852,52032.61089825213,0
260800,218.0,849069.5423097177,47880.04318504744,766936.7680670206,43153.346226590846,0
261000,268.0,973274.4446143789,53419.092118815024,893124.3130631683,48616.13154546619,0
270500,93.0,585644.3036565653,27751.737594054703,541175.4610853,25459.677174283635,0
271200,201.0,1402286.047281567,52458.33864263301,1324168.6034210878,48821.763360419085,0
271300,150.0,2409803.3330905605,58102.9451023555,2266438.8542283536,54096.61479782752,0
271400,189.0,1059520.4248524643,50410.61985857779,991941.6509382732,46636.7615820756,0
271800,274.0,1423369.021638337,67549.0674823583,1338282.2163364084,62797.94633721034,0
280800,242.0,1159124.5684174374,60152.05990710252,1087332.613062258,55824.13257741463,0
280900,327.0,1578544.700053166,75958.43678261244,1484417.539442432,70172.5103922812,0
283100,143.0,1131968.0159515326,51454.770999697415,1050537.7415773775,47348.38762099298,0
291200,366.0,1184972.5422026347,86145.24143252337,1087017.0871232871,78332.46114799198,0
292200,497.0,1197864.803162599,103363.78153714332,1101231.6345444487,94163.00886529069,0
292400,474.0,1209980.4744987898,101373.92552125322,1100143.7498460133,91761.69981361627,0
292500,374.0,1123059.901695488,71583.0689117846,1032593.1623616238,65603.11780641116,0
300600,771.0,1608918.1545606854,141929.37764824578,1479698.8830947224,129693.16406720212,0
300700,957.0,1833913.4856811147,171602.47355694906,1699672.7009512214,157969.37204546976,0
301701,955.0,2037840.6416315888,177017.83257809514,1864027.488193906,160876.709485747,0
301702,967.0,1657897.517232282,165535.98857818195,1519453.107291028,150567.37954938685,0
301801,488.0,1460900.984051984,91260.710429913,1344716.315283129,83637.0340286317,0
301802,693.0,1601144.142818058,124492.27519655114,1469630.9417622942,113925.30751586345,0
301803,1089.0,1634089.7418065611,178952.12658464175,1491609.1184237693,162980.2254629176,0
30300,410.0,1425644.1757269893,94116.97205105428,1314769.609050454,86539.05986940688,0
30603,234.0,2037178.33459837,85378.52691386102,1835016.748155799,76988.4509457445,0
30701,176.0,1916998.533514908,72663.12615027715,1732885.9417075722,65755.20105845228,0
30703,224.0,2325140.4488056414,86842.85096887678,2098776.3784681163,78592.77909953898,0
310300,437.0,1923249.9443070705,103151.676232632,1755166.2397818214,93935.23895841886,0
310500,378.0,1855680.2171472143,97174.58732885993,1698563.0311902042,87445.77527293391,0
310700,248.0,988925.9057908956,56710.41932519981,895590.7668502372,50736.60429720146,0
310800,290.0,849454.0341987818,57751.4261305652,767394.412133227,51617.16287336632,0
31200,199.0,2162255.066440154,83502.04241339676,1961268.8198576907,75634.56588609453,0
31300,1.0,24078.005996586755,719.6598195808841,23908.572324757584,714.5956707590593,0
31501,123.0,2059685.0756414784,62408.97913794933,1876475.0501348253,56720.11092716183,0
31502,111.0,2262213.7789466404,64065.09608228814,2037195.475638634,58022.38984895786,0
340300,670.0,1272730.8922813388,120103.52539887343,1170340.524625081,110229.7685155704,0
340400,430.0,1305968.8173258516,91713.90627113514,1215156.6493033273,84510.27376771129,0
340500,198.0,635535.1276548952,46549.41764931816,589599.5459346947,42915.778706899815,0
350100,4.0,16057.029811272385,1025.2417449027637,15505.590521957774,984.81262283207,0
350400,67.0,934867.1283630524,32588.37922496648,880633.7557708896,30705.866160113077,0
351000,11.0,71675.07185791615,3518.403987765126,68981.58213645958,3338.1935142094144,0
360200,113.0,721901.8181284202,34651.265341201455,677470.477270842,32243.08844837605,0
380100,210.0,851161.4926980769,49055.90033953951,783412.7268299629,44890.8038798754,0
380200,212.0,917283.7352867348,51917.4170767851,838021.5531871743,47336.19888514859,0
380500,107.0,766384.0141971745,34825.39738014827,711080.4005553332,32140.914440646106,0
381200,230.0,982178.4195227714,59137.5799214147,894925.624960168,53568.897933768574,0
381400,217.0,1472543.559040748,76209.56236991842,1359903.250594915,69903.10509127608,0
381500,202.0,1402800.176433066,76000.66375555171,1284911.2631256962,69450.97047206073,0
381900,217.0,1308124.351694381,62825.4435907551,1194317.0405243337,56751.2784878791,0
390300,136.0,1373702.8739381386,54592.22898632975,1268438.4000569975,49918.31594966271,0
390400,163.0,1116149.1721445324,55925.14696661982,1005339.871404994,50563.15542761464,0
390500,269.0,1057405.3461178392,72038.62494388848,983193.2343250276,66794.52570215617,0
400300,4.0,71369.68641314107,2336.3553876551982,66872.32299501049,2181.4223799943397,0
400400,181.0,921120.82465093,52870.30655184851,848374.8746796276,48607.97160825245,0
400800,134.0,908927.0846775192,45462.94257770252,851421.977470054,42424.95203000318,0
410100,15.0,196037.53921944104,6828.376712057004,174526.36398041924,6100.538355315026,0
410200,223.0,1999184.0027210675,85253.58965761575,1811199.32063329,77482.96227890327,0
410600,221.0,1729985.832552126,80701.90321436402,1577830.208614129,73498.18782838323,0
410700,251.0,2091959.8431159449,97167.315151644,1916733.049312756,89263.14484805033,0
410800,211.0,2251074.625710057,90247.44701270036,2047333.0227258937,82277.14650795168,0
420100,2.0,4494.897725444313,405.9926203466909,4402.511528875551,396.7716307696927,0
420300,155.0,1473785.1703585463,57470.40994371207,1315065.2095528126,51770.75608591252,0
420500,380.0,1299427.469422603,87546.72083765978,1195303.0559873483,80263.56544416465,0
420600,389.0,1350087.828749107,95992.82882425062,1232851.8977935724,87641.32274770924,0
420700,515.0,1029558.6405258032,95730.41779303816,940487.7403384872,87162.17697737424,0
430101,435.0,2134899.6754087694,128341.52331352576,1977293.78615162,119031.02384888432,0
430102,52.0,421240.92518276913,19336.816886859688,393304.1820076332,17927.34626314051,0
430200,484.0,1615302.0940794577,112823.20531508568,1513315.463175631,105843.58134200808,0
430300,325.0,1184387.0157951792,76496.76598768363,1099799.5376817714,70914.44480284982,0
430400,638.0,1374061.5690152403,112707.29847948144,1284456.335697047,105034.13702700204,0
430500,536.0,1847631.9492351352,129740.21078940728,1738045.762509358,122195.13663690444,0
430700,140.0,962553.2630861346,48983.68515176572,887419.1274877364,44912.776250679366,0
430800,800.0,2089975.0076318409,161013.65513453932,1976634.86649694,151911.00001125413,0
431200,1087.0,2107189.233844577,194319.5496295844,1992053.71849218,183569.0699944212,0
431301,496.0,1545093.0813248043,113697.77193354712,1437673.5521436604,105646.11572276146,0
431302,308.0,1432596.1262573302,87857.64928859958,1325820.7742541914,80894.43555379428,0
431400,24.0,1361300.166459146,25829.091240085327,1286102.438431825,24305.89965889064,0
440102,450.0,1229269.9810392652,91930.94526607289,1139900.9901893428,85091.71866368521,0
440201,616.0,1552179.759387219,132608.97759744895,1406496.832023213,120259.10699723134,0
440202,543.0,1632280.1276237967,105900.03618048364,1525774.345415064,99726.18107609656,0
440700,975.0,1666640.8916936575,150005.60063235852,1541159.3800105583,138051.72945603507,0
450300,971.0,1605564.9575880156,151351.61213250025,1536378.4602583386,144698.88904377067,0
460100,1.0,4063.6726053078014,303.44046293667526,3692.541052722577,275.7275192364931,0
460301,824.0,1477323.75234819,150985.14914856508,1357186.4552455666,138391.3497544371,0
460302,708.0,1178983.0316718982,121454.7193133866,1092169.346905524,112248.0081414742,0
460400,929.0,1820653.7832406492,162861.80274892307,1713113.5919293484,152834.25535734935,0
470100,684.0,1487929.6525130183,118582.40176077612,1390202.5195010866,110805.84584592126,0
480200,1020.0,1882671.0995149708,166516.1921834036,1798532.3918685468,158625.20754837545,0
480300,688.0,2861444.4819482192,138373.18354181093,2721551.356340872,132391.558662898,0
480500,814.0,1214067.9802040644,124786.73652908868,1140003.81216226,117051.93216522734,0
490400,649.0,999242.254051734,104178.2537111137,932228.3391970268,97095.67977486094,0
490700,1278.0,1879491.8071234955,202448.85397854316,1788110.5236033278,192029.25651191745,0
490800,931.0,1300795.2472675669,137576.78085458654,1213584.5932533194,128250.20011873258,0
490901,529.0,1051669.649021145,93372.82427482631,973009.0922144162,86425.38861910558,0
490902,1236.0,1511207.0671979487,174658.5160094521,1424014.9442227257,164112.3703839442,0
491000,612.0,1052109.5051782208,101004.91570108084,998414.663246132,95735.97110829268,0
491100,1065.0,1783806.8229301744,167619.91764134125,1700746.880956495,159830.86897970835,0
491200,902.0,1834484.8463964893,156841.08181811546,1751867.3632812442,150111.25836143742,0
491300,663.0,1127862.4688891228,106667.50027919588,1071166.7889521082,101109.72384071704,0
491400,500.0,1208558.914251829,99705.8239050346,1128052.336557641,92804.7814414136,0
500100,441.0,725381.6369097885,66836.01109848796,694038.989975213,64038.07453475488,0
510200,550.0,990519.7476774682,83014.29185827033,941457.0639400416,78414.56251275273,0
510300,271.0,405577.4448311888,41034.215706598254,388545.157644677,39292.68955819991,0
520400,1210.0,2272059.6852160604,203153.68232733523,2154442.601716733,193203.06582780465,0
520600,502.0,1161583.647118736,82408.8801937658,1075628.5196151922,76057.51148247809,0
530200,749.0,1188853.9535415135,122627.96055300694,1134284.2424645862,116729.89191761182,0
530300,800.0,2070151.922606563,143358.95604430593,1956123.844228248,137553.42553133162,0
530400,364.0,750272.9140749313,55847.33219357417,724372.5188294835,53994.38216135983,0
530501,696.0,1449003.3514499671,123882.00106975484,1372188.6207324804,117845.62715165196,0
530502,755.0,1116499.6633254844,113247.86321438797,1054566.0025611843,106399.69720026414,0
530503,903.0,1314143.4088570424,130851.0673129784,1262673.754424835,125611.59501489236,0
530600,473.0,1111035.8109386768,77309.44385987031,1036593.0029318754,72395.28707636785,0
540101,24.0,231609.2011796536,9292.718397063809,222341.74481722005,8790.576597470756,0
540102,30.0,653952.2934140789,15656.93458213266,598876.9662778465,14305.232647893792,0
560200,733.0,1281025.1769552084,112996.97206771444,1205258.9831257442,107573.8760281424,0
570300,1268.0,2021959.2977174076,205333.05233710725,1890133.0871411208,191303.0202472108,0
570400,514.0,2416386.9979912005,110456.15942083568,2206270.6727538253,101869.83128969948,0
570500,1125.0,1876253.6980977603,180321.13101194103,1768836.987487126,169858.05231259938,0
580100,679.0,2677106.098581773,135921.4440016119,2493948.607606612,126844.2820317341,0
580200,587.0,2226896.8680489315,115888.70614626932,2112098.3295200085,109442.67346273676,0
580300,521.0,2177209.6889138115,96231.14547437234,2010434.9769017647,88736.87922329262,0
580501,1107.0,2098858.933024701,178764.43868921284,1966378.223758147,167369.00301961275,0
580502,1116.0,2162745.9146094173,191071.43314568608,2023128.415352277,178306.2472665488,0
580700,1055.0,2017040.141299496,176812.8347559665,1888726.08810047,164413.3189036426,0
580800,878.0,2213681.491534971,150313.593688898,2075396.1100991743,139471.76458352467,0
590600,925.0,1643944.692788139,166106.4698666018,1500885.7353963903,150435.47062258655,0
590700,176.0,1938208.7958051416,60672.13949061189,1758422.2018030465,54859.71723088323,0
600400,916.0,1983253.1209013427,167413.09720613313,1834617.091833216,153418.1137774698,0
60500,194.0,787679.5832031427,52185.28243761425,710313.6084276864,46937.14479712626,0
610400,445.0,1536393.0990693942,107720.8580490554,1387555.7060220635,96356.63198440806,0
610800,739.0,1166431.8746308167,115446.1848294985,1091369.5261111036,107951.88507624998,0
611700,572.0,997932.7908439526,99373.82178032633,922803.2666761364,91599.7368348556,0
611800,537.0,1148237.6834056135,101703.02718170307,1051243.066913039,92565.86981814084,0
611900,222.0,636272.591434544,48046.28390388545,585703.779991406,43939.42990601404,0
612000,522.0,931111.0927841928,94377.9621606388,877277.7380804918,88756.02802408564,0
612100,472.0,869000.5737859181,84477.23392812921,820122.2178058871,79512.06430330756,0
630300,837.0,1597975.700916743,138635.4224120488,1474549.7518809314,129832.44653341692,0
630500,1028.0,1807616.326694588,170005.92631403307,1691428.228651788,158954.42512220686,0
630800,1217.0,1883072.0261423253,201810.22136413225,1782238.5937809206,190709.4106315648,0
630900,1251.0,2143607.3799176947,205835.4247251178,2036514.983225004,195376.66623374424,0
63301,176.0,2866304.0503679,93256.50099471003,2549497.873523678,83048.21410927286,0
640600,889.0,2528294.6344794314,153222.20316448977,2371817.8706950587,144649.82578889214,0
640700,514.0,1917780.837773514,89391.728303056,1808445.3559715643,84012.07466263737,0
650200,1234.0,1737918.930072579,185623.34018859116,1632575.5304836845,173837.23416852322,0
650302,1156.0,1653719.182821576,166325.99321057025,1542934.766433587,154851.2301915359,0
650400,1308.0,1977707.23448938,185332.981252888,1869663.1017917253,174607.82942697097,0
660301,1098.0,2239571.164117875,207394.02537948775,2084041.7769972745,193360.79963446088,0
660302,1256.0,2594444.398168154,233958.25045956648,2442834.902247411,220005.5316995978,0
660800,964.0,1815500.3055072727,172098.82650853507,1715576.2968626912,162266.2765139098,0
660900,7.0,11341.05634026231,1034.3137902271656,10594.6790161648,963.8749216368456,0
661000,878.0,1405196.794405796,141440.13146557365,1311697.5896297048,131985.51272485853,0
661100,915.0,2899106.628506289,143891.36558689343,2664675.940683777,136396.44366324952,0
670100,465.0,917464.3361575436,88723.55874075613,844172.9679342444,81066.36530388023,0
670200,415.0,901691.6160666476,82908.54691355382,823628.1441654338,75581.4956321421,0
670300,554.0,1068804.4064864607,104149.26252433647,981158.949268136,95520.26619082762,0
670400,714.0,1153684.3009568793,122817.71783913708,1073060.492605675,114050.57878444628,0
670500,235.0,472326.12822742783,42600.00804346018,442024.785458817,39702.542238153925,0
670700,478.0,1014638.7075593916,90849.0982516091,934446.5062747024,83907.97312894561,0
670800,628.0,1189894.7414606125,114156.19521246216,1099978.531211726,105068.5313228584,0
670900,652.0,1306308.9362443795,118137.13111944636,1216133.2218638237,109435.34154682777,0
671100,344.0,745064.8741795551,66502.21912945216,683093.6619574219,60654.02650796314,0
671200,420.0,1208818.5704393224,83281.33183829798,1128093.245758011,77139.91415460312,0
671400,701.0,1072599.9489719756,114338.34613132032,997896.5082975028,106562.3532528209,0
671500,687.0,1108486.3401964814,116299.40263045866,1038647.4932231224,108691.03256900892,0
671800,802.0,1385876.8389512217,130245.53580711863,1286906.1318910446,121116.37963299002,0
671900,710.0,1483472.6680110549,122468.92318279616,1370455.8403875504,112963.15812881404,0
672000,925.0,2103908.468241448,160913.63210915882,1961013.5768159523,149791.3696802753,0
680500,462.0,894506.3488977326,88586.50879442549,825396.5812717042,81615.82873280824,0
680600,468.0,895070.723392176,86399.82283234104,835939.4023534659,80511.51905381742,0
680900,212.0,908747.596438624,53041.39463139461,856807.0634588908,49922.10584648052,0
681000,620.0,1123916.4239874985,115371.9575266924,1035176.592310882,106272.4893237696,0
681100,595.0,1280725.0880623988,115524.63392997446,1202592.4878873967,108245.17959083576,0
681200,288.0,881591.7519011125,60614.24995989703,838209.6353417224,57111.21209825414,0
681400,826.0,1448619.505991409,143178.81445107976,1365661.0711098236,134589.7628613593,0
690400,623.0,1326297.88520547,116817.88862399245,1221126.2369381706,107205.09840591994,0
690500,361.0,938959.3531020936,71682.63370426372,862531.1070609761,65426.71908423869,0
690900,776.0,1473357.992440518,142401.0948679938,1344166.1500100158,129399.72502792574,0
691000,813.0,1700641.2757081091,151172.35881514515,1591627.252370542,141377.88950822174,0
691100,534.0,1156677.7213235777,100633.51400114669,1072269.1520844162,93112.87388019737,0
691200,440.0,2776165.474398992,105080.19662348652,2643656.8736991426,100185.3283522557,0
691300,855.0,1744806.9223214074,157740.54354016297,1635488.8635478923,147979.3251670233,0
691400,943.0,1554214.5463885372,163371.2550495656,1444766.803157696,151521.69572528743,0
710200,764.0,1612817.6370651762,144400.6836242273,1527493.9175096613,137244.54139707034,0
710300,611.0,1751907.1118182845,129043.30761219296,1613937.542136056,119257.8315205602,0
710400,1167.0,1980374.775054604,193152.02481868217,1844887.957821331,179829.27592592395,0
710900,164.0,590865.8339854425,35265.17430422445,554181.9001918811,33178.979369252185,0
711100,877.0,1641167.9464050853,154207.6857994675,1546839.880517671,144831.77140064051,0
711200,914.0,1583828.4101889397,144572.88376721623,1476282.8770516089,134299.64166525568,0
711300,707.0,1318800.743841844,123563.42509360817,1241845.302099191,115950.14708184818,0
711500,1087.0,1525425.001389871,170561.90699288563,1459133.5459987563,163638.6150800368,0
730100,1248.0,1718347.2549421105,188446.41372489493,1662146.5561314784,181991.36868719495,0
730201,821.0,1725919.967768052,152338.4235358165,1604981.4741215345,141338.2868923159,0
730202,760.0,1735875.4578281553,122572.95331299742,1633994.3517127936,116585.22388815152,0
730300,568.0,1062497.3709484604,96444.54517463985,985451.3588185074,89285.70948265471,0
730600,985.0,1470418.528617328,153371.21374499408,1406174.551931685,146446.52983961775,0
730700,564.0,892392.493556982,87393.14917512954,855001.3043042531,83873.54019918117,0
750600,739.0,1150283.6203945726,116372.51285265097,1099606.329906659,111315.43475467752,0
760803,250.0,1327122.336912612,78271.15814918054,1246149.1196922923,73435.13156059332,0
80400,296.0,2302651.6435040794,97462.50416570954,2105193.4498396902,88996.79024150535,0
821402,721.0,1331649.4756314757,117472.601585457,1286699.615989009,113325.38532326336,0
823304,419.0,1558184.4817697208,88830.43514296188,1478421.1790743012,84619.6679526164,0
830500,50.0,1458193.533512132,32651.82088396009,1335473.971579939,29806.13643674418,0
830600,428.0,4993900.870397825,140580.0479866006,4604613.351092731,128916.40093488024,0
830700,37.0,152809.53871188528,8862.658822378056,137577.09443659446,7959.035564856454,0
831200,743.0,1740076.821550992,137254.26647599004,1586413.958329393,125192.47366940371,0
831300,282.0,2138215.3583972245,70847.95359324376,2019364.728411924,66884.84587136596,0
831400,102.0,3039883.9433585466,52703.91126569283,2777384.408303811,48652.46771239121,0
831600,854.0,1645902.7909128466,147177.72042212985,1551120.5149456577,138974.21909941005,0
833300,209.0,1604000.2735377385,66963.94853043412,1469481.975779117,61053.010017182,0
833900,349.0,1392994.0269822257,82810.740181003,1288443.4991743157,76296.040531281,0
834000,378.0,849828.42486039,70816.86640427436,814313.0667702063,67592.75363828252,0
834300,1088.0,1994691.549871825,187197.40724913863,1905893.210599664,178984.09845254745,0
834700,360.0,857481.228744121,72892.36062836641,807916.2752712703,68342.15574607062,0
834900,327.0,804876.3399426771,63550.32647679189,738073.5251516575,58533.91527334166,0
835100,763.0,1966356.7308432052,144218.17002502724,1855025.8188495324,135530.98254378876,0
836100,134.0,830655.8521394841,45247.10061373761,756387.0694863411,41372.21917999016,0
836200,66.0,1959715.5743357183,48426.43611504187,1720942.6313535424,43007.86633169988,0
836400,46.0,173087.09198103467,8597.696850780474,161146.76895903962,8009.887493868372,0
836600,415.0,2054786.227890212,97414.39460496708,1939476.6670961431,91231.5848027667,0
836700,197.0,2867296.588000561,68360.06890948751,2657378.9196254387,63651.48468594265,0
837300,257.0,1173223.5361655746,55515.78179201912,1094366.8152039289,51032.89778917006,0
837400,267.0,947248.373343436,55998.53700921738,889068.1319763133,52283.50088654807,0
838000,264.0,1371134.4533532625,63354.56274529927,1296617.8629271523,58919.07341200379,0
838200,51.0,2050097.1590624133,41425.04362559913,1841902.502879029,37347.90716403244,0
838700,389.0,1171396.733471427,84806.85179945653,1063893.9297285238,76920.27199549638,0
839200,66.0,1448491.0825801124,38866.71876281344,1369678.5673111037,36633.91660230802,0
839500,237.0,1362068.6866682773,65674.6887357953,1270314.3216815852,60300.46396665488,0
839600,221.0,1157800.946873691,59876.98113165324,1070959.3391428986,54944.22235458084,0
839700,844.0,1715401.897815707,151944.45176142966,1567246.68857796,138345.04967982904,0
839800,1126.0,2214613.6183662247,202089.34982782797,2061934.689692988,188004.53376896665,0
839900,532.0,2229152.9130982067,114532.80022772295,2063827.3811206769,106352.48208023496,0
840300,932.0,1699154.538890047,160186.63187566324,1562872.7483320206,146879.3664858398,0
841100,373.0,1619061.0217171053,90759.2944472878,1491953.2535542175,83075.63638775879,0
841400,445.0,1344319.4786116292,97072.58127927492,1250183.6994892398,89357.63445529049,0
841500,303.0,1175731.940046463,78288.97142120491,1075802.691507468,71332.46802639484,0
841600,436.0,1149986.725125302,91649.6251163876,1054633.648739944,84255.46584851459,0
841700,346.0,1081264.20015803,75643.55012908023,997574.4883852866,69007.73235587408,0
841800,313.0,743903.1931913143,58917.6814857828,683381.073671338,54242.82911661098,0
842400,330.0,2066572.127378138,72249.88057829774,1927009.9734648569,67595.34945173965,0
842800,539.0,2973585.06435076,122435.99378683334,2781835.523085452,114623.37666455231,0
843000,194.0,754992.4955544546,44952.59280361414,694401.0996116849,40900.210604172,0
843100,10.0,224823.9957990944,5181.611618285886,216261.0071888968,4892.368033211183,0
843600,321.0,1223442.0366168283,75846.21442389829,1115951.7663932615,68671.20054293789,0
843800,144.0,977702.2115065138,34677.03547022473,938709.7006948596,32810.85394465105,0
843900,10.0,63180.82733523288,3752.023421672892,55738.598295864926,3325.4862826383164,0
100100,895.0,1509292.520588432,145449.11392832306,1405964.636520882,134952.24573028306,0
100200,853.0,1539345.3628392413,138288.9214527937,1458577.0470257085,130790.29050190964,0
100300,497.0,1040412.4814738928,88377.05202342814,993795.1378341188,83987.40174859617,0
100400,743.0,2096865.746827476,124945.78708537944,1992094.5198666456,118984.35957570818,0
100500,1033.0,1348239.023042925,143662.93435597117,1291280.3703258284,137242.00700644185,0
100600,1053.0,1543922.2181424107,155086.39208385773,1455228.8827067006,145953.1722371576,0
100700,1183.0,1860955.009072971,180880.4113568403,1772412.769470286,171557.13169412248,0
10701,582.0,1657393.713078803,119283.59143856209,1558361.5063958978,112075.48988515598,0
110100,823.0,1665758.524792245,133821.09197434247,1592435.013278407,127074.32037630514,0
110200,917.0,1904039.8475223852,155084.5692162835,1800869.076600816,147321.01197586115,0
110300,903.0,1311325.3475728875,136590.48926320317,1245920.0777736148,129321.56970794444,0
110400,1057.0,1630689.2118576877,166270.86486055216,1536581.3009513451,156347.62311584223,0
110501,1256.0,1910439.1075677408,189099.8584446886,1814796.4855986056,179160.6494796387,0
110502,541.0,1474186.1327578705,98152.76022522658,1378191.6980124903,92498.08932393068,0
120100,278.0,651719.2172524647,52454.91639409924,624524.4766936455,50090.641624600656,0
120200,572.0,917031.1871723272,88915.38891013057,875204.1744102505,84586.31885550411,0
120300,585.0,1127890.3103055996,101169.48728964348,1077204.2686115513,96243.88870899666,0
120400,783.0,1542052.963758482,125718.78224713737,1446230.7740643113,118298.14363120444,0
130200,215.0,994939.481597254,44254.92829614377,962469.8464470394,42078.08022670396,0
130300,965.0,2021557.88138084,178588.0731284246,1900244.131959141,167404.8393543101,0
140302,559.0,1614981.729525859,119506.90401496088,1509052.3475497114,110863.4330450544,0
140400,1259.0,2283719.746420105,212144.65807726307,2155502.4477463546,199712.73259125877,0
140500,1051.0,1937086.1921760635,178106.11721216966,1803900.0070738404,165817.59890923224,0
140602,725.0,1754490.0630788954,140600.68068388192,1613186.914065027,128815.8015093876,0
140701,727.0,2651678.441553427,161300.59619917025,2474717.145447156,150180.63302256478,0
140702,901.0,2226902.2912283894,169816.21396073024,2073515.8234586385,158025.87468643472,0
140800,859.0,2016055.826770848,160410.96613344204,1879893.968923236,149176.88575297606,0
150200,940.0,1890105.0357381203,157435.63960308282,1786522.1147480323,148460.9054751748,0
150300,1110.0,2105818.0169170634,180690.0542877268,1978788.313321955,169358.31958724753,0
150401,1125.0,2115538.191896043,176357.33614534748,2006378.99837799,166646.96113372632,0
150402,1126.0,1925351.483946953,179849.86720739666,1827523.970769263,170074.92924777506,0
150501,937.0,1714301.8108207998,154484.52691171615,1597912.499470488,143046.78170768218,0
150502,807.0,1262163.8237732127,130691.50412144134,1176872.2169864338,121467.29920757293,0
150600,1302.0,1873222.7215591131,187252.68503156796,1772206.3408636462,176554.5766048031,0
150700,1322.0,2262612.2766902205,201736.16743793504,2156958.4186831266,192053.07239852785,0
150800,1275.0,2286308.52013712,194643.40124216335,2183327.886646539,185352.65633039217,0
151100,1203.0,2272883.732010742,190572.06009753732,2157547.530472045,179990.47353522124,0
151200,1130.0,2089416.8399952387,168996.58359803463,1967455.1901997768,158842.04609444254,0
160100,687.0,1269608.2195662055,117936.7707990884,1193796.7106021328,110834.78440631002,0
160200,529.0,1280490.2513600606,96607.32089901571,1204207.632520864,90977.72436942738,0
160501,1009.0,2051776.6539910776,172220.13899247145,1898513.353966909,159363.9554665308,0
160502,1092.0,2186377.708054909,183058.6447146305,2036361.4986015265,169602.29201546294,0
160601,1104.0,2454694.449618733,208385.5115205958,2307810.7665080046,195514.04353249777,0
160602,743.0,1613175.3726594006,138593.2353548404,1522239.3600767902,130357.61158449746,0
160700,1261.0,2326190.7259388864,212733.65754682716,2208165.217553529,201211.65460713964,0
160800,1246.0,2317383.955559211,218320.89630322225,2189289.7797398614,206023.58734297668,0
160900,464.0,1039040.2160903064,84357.59970706637,965584.8150841384,77980.42892337963,0
161000,608.0,1404870.7683568257,113791.554894206,1312936.7873761277,106154.66295504272,0
161100,576.0,1750529.030538953,109752.64241355652,1642711.84474935,102984.47148405015,0
161200,847.0,1974489.6297698407,148271.7379192303,1861522.009389641,139031.61013655024,0
170200,979.0,1602409.927915444,149375.50679001416,1489534.935701768,137991.20512553872,0
170300,1037.0,1736326.6701821652,162201.2555009332,1642729.7782119932,152960.94314608513,0
170400,1408.0,2082609.8109236588,208867.23491852568,1988798.2706958968,199288.96776791377,0
170500,953.0,1475086.44527152,140063.78121896536,1405098.1982427456,133434.72910228884,0
170600,1365.0,2105211.68337149,203170.9863887087,1999222.2058944015,192289.78783390397,0
170700,1390.0,2006657.9365007745,204768.3059309444,1920845.4387373256,195824.64984171517,0
170800,1258.0,1876653.0569275732,192311.97658969247,1790719.2421999387,183419.77466811973,0
171000,1160.0,1635203.483903233,176635.21473927813,1552238.3124823107,167102.6246639601,0
171100,1208.0,1746377.9386903476,173906.60705281148,1634922.7350233607,162506.88397339542,0
180100,1200.0,2075721.6061214025,189676.87712746952,1971711.401806812,179779.1794530952,0
190200,1044.0,1933559.5189298675,168323.35263089242,1833581.4450536887,159554.17785910075,0
190401,1074.0,2214647.551087253,169791.3730253192,2056713.4912380115,158005.94028183713,0
190602,1433.0,2113943.280865893,218252.78010155488,2018995.4811013616,207902.92921455475,0
20200,785.0,1525038.5677000547,129763.69675658234,1458838.3878462706,124027.1588180633,0
20301,400.0,2094427.208825201,95393.73686593153,1968446.89274234,90207.00164055044,0
20302,761.0,1942314.2412746665,145963.63494842872,1840645.3691728225,137974.21294691734,0
20400,613.0,1755422.7521768347,123792.64058928372,1653022.2106971857,116956.21838191968,0
20701,667.0,1950745.9032746716,128579.60399581304,1843864.671606748,121456.4351766156,0
210100,429.0,2148310.924983,95190.28209589724,2033520.759405156,89844.80755797037,0
210601,1162.0,1991759.029369979,186069.90937000792,1851827.514838592,172555.96723696555,0
210602,964.0,1581698.25246197,157129.59795009115,1463001.8500626548,146100.65331404583,0
210700,881.0,1841154.021355184,155852.29058712057,1711025.311024346,144018.01138645507,0
210800,786.0,1609041.1289397834,136549.6357254502,1497742.0152109454,126412.55896168292,0
210900,637.0,2196540.1301174257,124631.83256182904,2044967.989682151,115635.3568050193,0
220400,862.0,1719893.340426538,155484.54043589422,1600129.4429706563,144779.29318605663,0
220500,535.0,1311549.2006892134,107509.79001315896,1200772.3634848187,98573.1665816965,0
220601,842.0,1735116.3366958278,155507.87872495188,1600557.809483603,143584.37932805487,0
220701,879.0,1861513.365207793,163749.15826734446,1709438.5716840662,149527.15998544695,0
220702,619.0,1698486.2569217891,123783.31022484224,1560365.6084525904,112942.32694144576,0
221100,626.0,1379865.8425681642,119088.45161891665,1268851.8047408203,109750.92938107834,0
221200,550.0,1356752.2393770346,105992.14527842712,1248309.4746026022,97441.7150289506,0
221300,630.0,1543035.302325936,118273.9968093694,1424372.8136299134,108901.24690308224,0
221400,612.0,1797004.910254808,124196.31218798396,1652790.5293282436,114275.79876185194,0
221500,751.0,1741105.403197186,142606.002607805,1605102.5653188496,130962.62830570454,0
221600,541.0,1131933.0177212586,99906.33328754667,1031118.8815834392,90320.35719585972,0
222200,396.0,1258435.537135379,86529.9989744348,1149520.565896107,78200.6377323129,0
222600,791.0,1807736.4942735727,149253.61104481737,1676184.2514933527,137697.87219987094,0
222700,717.0,1881068.3467663492,142420.14926284633,1739284.7867762598,130871.81093537834,0
230100,658.0,1395804.3378808703,121922.60560753572,1284518.8202656354,112205.08867386794,0
240200,260.0,1159150.950115325,65897.19879250314,1032133.3880786536,58454.08393315255,0
240300,317.0,1156013.645370677,76654.46765214317,1038557.8643751516,68319.72321249143,0
240500,379.0,1517720.7090998588,94235.25846721957,1382201.9667396424,85553.53651766783,0
240600,506.0,1361423.5284644384,105188.52962330732,1239987.2802579636,95126.00858151403,0
240700,678.0,1791711.9994616248,134346.53105853376,1646873.2978792249,122758.07764946352,0
241200,549.0,1659536.9081112496,113791.83490235804,1540086.9011282672,103662.68838166656,0
241300,571.0,1432109.6595363575,113578.90534911942,1322359.114542453,104004.64941618525,0
241400,391.0,1092154.9330993018,86119.81451571877,987735.2023177176,77383.91822256274,0
241500,267.0,1291284.3878523365,69320.51258782361,1179102.790066143,62108.904035552216,0
241600,205.0,1280086.89839537,60126.18606470406,1167065.2365174496,53739.70070011014,0
242100,260.0,935639.881502416,62741.80470370379,850218.6398992228,55936.090190719966,0
242200,447.0,963717.092660256,90813.7307693137,862116.8163808294,81078.8430622898,0
242300,661.0,1499639.9646836426,128723.1294625109,1361985.0102656751,116461.27992122536,0
242400,664.0,1905750.9882962864,138281.32877222128,1753028.44443087,126915.70347444604,0
242500,744.0,1799619.6593814848,141310.81360220758,1655010.2340618458,128939.20052257222,0
242600,754.0,1908468.9055477623,144224.51725961524,1745504.9798723916,131150.18243000173,0
242900,453.0,1707855.6230962,97552.18436866344,1573382.1102361127,89406.55703607373,0
243000,406.0,1124293.7835201677,78300.83857134481,1025869.4424708524,70903.18349617178,0
243200,316.0,1679852.391511068,76672.19428277492,1546838.6859765265,69474.11552348589,0
243300,224.0,1245940.045018597,57768.90052322558,1135487.8591178395,52039.24976922152,0
243400,213.0,1078197.0890729935,56206.60958075742,982589.475414346,50849.37540200518,0
243500,108.0,1192165.081172541,46094.47309532283,1074836.216253761,41382.05088961298,0
250500,947.0,1895636.6721859165,154783.18593831305,1763678.022206523,145350.63842457844,0
280100,63.0,1858511.6424441808,44774.21034655414,1674083.0879460108,40363.43259576971,0
281900,52.0,2479885.1183701945,47853.44277973217,2212573.287393413,42753.20632901678,0
282700,416.0,2257368.4490341544,98934.16615682356,2074307.38686478,90488.48848860986,0
282800,545.0,1196176.8578510005,101480.43397489972,1095165.854451822,92551.55990648692,0
283200,139.0,792795.595089905,45353.89674352328,715734.0005589328,40853.6862036362,0
283800,96.0,1408035.1439188444,49591.658505398926,1313580.2387475765,46348.44148643244,0
30200,633.0,1618506.8271568029,115642.4676778843,1476492.9438916417,105026.48911474652,0
30500,436.0,1332113.3596364467,86980.17452077632,1192216.6741725174,78139.02992905318,0
30702,81.0,1329815.940609211,45503.807489686274,1196261.570683089,40879.40773279805,0
30800,634.0,1603675.8406558856,130254.26235893174,1462663.5675510184,118682.5592641905,0
30900,623.0,1694538.2804558163,121273.5537641258,1540998.0924923413,110200.46897186164,0
31000,423.0,1473719.1557062776,99473.31397830592,1334973.7262430904,90405.86195927933,0
310200,377.0,1897911.3043731528,93123.05169339351,1730993.158959333,85295.91562978289,0
310400,440.0,1416801.1219891794,96210.89377774789,1283530.7575436968,86722.62400577741,0
31400,3.0,15851.849548147984,884.1943743286699,14963.734966559958,829.5500734024399,0
31800,367.0,1761974.659703835,100444.17053945216,1616558.1520115784,91852.066419976,0
31900,396.0,2056763.652427512,110105.44873845106,1876689.8862303195,100623.26268988672,0
320100,16.0,291551.01263997174,8881.831389229283,260535.71692375804,7933.548543430657,0
320400,7.0,46665.55581464242,1867.7132665186973,42975.717196333055,1722.5209953874007,0
320600,45.0,272571.4996931405,8061.105463771093,238447.81437700667,7296.306317641288,0
330200,147.0,1303712.4020129463,53511.79540890471,1207444.213727318,49184.02533346769,0
390200,225.0,1531151.2311378857,66893.17480095476,1416615.895555154,61072.76215256257,0
390600,248.0,1244883.2176895556,70194.27411756868,1150812.9164143826,65039.92833697633,0
390700,3.0,35322.545893175586,1442.815952027032,30386.432464509744,1254.5559560444212,0
40100,33.0,53694.97888099404,3807.792815919088,49514.200663046606,3445.416770063397,0
40201,803.0,1718175.5919589626,144792.15454108064,1596191.283808256,134759.80564377102,0
40300,437.0,1620262.092606716,92830.6975874127,1511913.8675074745,87654.41388725111,0
40401,867.0,1797849.7175317633,155098.52740885777,1664578.9934147063,142953.8481969455,0
40402,403.0,1333300.7153990644,96331.88173641409,1218502.628370925,88078.00139864883,0
40600,724.0,1831053.8403802735,139821.10732459597,1691941.3396010413,128929.43139929,0
40700,793.0,2007828.6825754943,156616.29495542523,1874196.51955243,145893.0626992705,0
40800,636.0,1689865.7195288278,128410.33242422872,1568678.6578475328,119469.25108063116,0
40900,581.0,1624228.8641294,118519.43510244518,1498361.2294972904,108893.1716614863,0
410900,13.0,267792.98284185847,8475.038971486927,240070.48765079852,7569.090415260681,0
411000,3.0,5698.450371520588,527.1370675282233,5191.472378077531,476.9696202961916,0
411100,195.0,1284082.309908532,63592.34874243644,1171424.9157168963,58481.71477194631,0
411200,240.0,1986446.9878090343,80589.84682146974,1808825.5961021911,73849.57121799287,0
440300,878.0,1533572.1187914088,143670.7742999646,1440802.903228497,134572.6026676951,0
440600,853.0,1280342.7711802684,126029.9880633513,1200187.137297865,117783.1728889365,0
480100,835.0,1949675.672572469,140640.90002833834,1856716.7536343068,134747.61229649698,0
480400,1021.0,1918659.5733334464,172592.85719385202,1844252.604317859,165277.58954733875,0
490300,745.0,1072004.031212477,116006.44394268288,1001934.8652928156,108200.78795833318,0
490500,583.0,1231321.31112471,93681.27136401502,1139348.114172234,87232.1241903759,0
50100,594.0,1890077.53267788,123376.7155919252,1731733.813114611,113116.2498595246,0
50200,804.0,1624797.4769312127,144223.72146231082,1481579.4810787528,131606.74371934286,0
50300,866.0,1905083.4440008164,152076.99053314622,1773268.3213736922,140915.91723721026,0
50500,967.0,2046614.672511444,178634.84334457238,1908903.3951597,166343.82051995318,0
50600,463.0,1400834.2871180512,97136.61892448076,1271723.8301782804,87573.64939416088,0
50700,439.0,969718.4397360976,81107.80240242934,872120.5735086297,72615.5001013025,0
50800,653.0,1271058.5767669587,121076.27110040022,1153619.8472355632,109450.89998454228,0
50900,708.0,1424160.062295571,130559.90565129629,1319780.5588460374,120276.69318125962,0
51000,526.0,1172268.704363851,100619.52699988623,1060288.5920638726,90544.4012171606,0
51100,536.0,1151827.088566976,102667.06789095112,1033437.8131525068,91786.79705147506,0
51200,409.0,1128599.0459695964,80150.9943493036,1023978.9655754156,72020.77377034814,0
51300,507.0,1122193.2926275977,95217.62992696944,1017216.0927687424,85969.78929572453,0
51400,379.0,1061337.899725377,80194.72140453247,971938.4011771552,72870.12270321086,0
520500,899.0,1124389.4667679018,124655.48205774825,1079405.5733394192,119660.51040231096,0
550100,4.0,11103.077036548406,829.345055935714,9934.324626548792,754.4917620443985,0
550200,1.0,812.1182507500058,107.96291075063148,765.460462711399,101.7602295509639,0
560100,146.0,665292.255046202,30377.088591200747,625593.7394902267,28667.262749511166,0
560300,1430.0,2063589.5294408484,207677.850312619,1960081.408840785,196801.97417219117,0
560400,881.0,2203993.674149308,146436.9396196233,2090021.4245352417,138297.23006978922,0
560700,1163.0,2165371.2998753395,188786.4374996333,2070228.3777333167,179865.2589869344,0
560800,1040.0,1605446.0605779702,154289.60217906442,1536749.3901712613,147013.7359925757,0
560900,1300.0,2112066.940633775,200242.01326663492,1995811.190367124,188813.4664707636,0
561000,1278.0,2077533.8391269231,194982.45450705552,1981569.4130829603,185776.527389026,0
561100,1546.0,2275740.846161572,233770.87061690187,2185546.8386828485,224364.5505026657,0
570100,97.0,2588650.802921594,52584.11519570683,2462380.1353712957,49103.56931646479,0
590500,177.0,1339852.9952814905,45733.51165605136,1260137.140432169,42509.19152976431,0
600900,901.0,1830943.499454077,162222.24120279262,1671481.2827250904,147181.8419154915,0
60100,307.0,1079340.4674088992,72575.87894152786,967654.8886012218,65187.51441856528,0
60200,432.0,1900371.6118227765,107101.55914062633,1726596.5719760344,97263.70734434496,0
60300,395.0,1231159.62602718,88109.80423543544,1105165.656846974,78724.20198305222,0
60400,351.0,1274388.7740727174,87425.45599801964,1143786.7768210764,78271.22448765462,0
60800,22.0,588336.2079249119,15709.87571787981,526229.912607878,14042.211866656016,0
60900,18.0,280823.1787494459,9415.604330037357,256600.40126437315,8550.700679368847,0
61000,167.0,1582921.8329572938,64566.89217727582,1431034.1934037032,58159.8639128524,0
61100,274.0,1374587.561645305,76184.5822908256,1238059.146821891,68681.50440041909,0
61200,347.0,1203356.5695733577,85511.68061620602,1078985.370229853,76764.57676489829,0
61500,269.0,1037061.4250640256,65009.53201210182,928043.099472557,57972.451306793846,0
61800,139.0,2087192.3446276304,79387.0117035136,1889640.1018788647,71824.49477692494,0
61901,143.0,2233857.673386079,76278.2634469505,2005734.2609932,68539.40385199226,0
61902,15.0,172620.59183853306,5584.4925036470695,152715.26528353294,4979.724067110413,0
62000,174.0,1788008.0616893957,75139.33601418589,1617696.0732833263,67979.05984522772,0
620100,1209.0,1667151.1328923437,172281.04258844728,1558196.6916347668,161016.3703159739,0
620200,926.0,1935033.576120609,152985.83735667006,1830844.7050363529,143768.47352918866,0
620300,1048.0,1481320.8341604937,154679.2728083678,1380334.921997875,143636.33965567406,0
620400,998.0,1486701.6698003712,144321.20070757985,1374758.4025843309,132852.44438100574,0
62100,219.0,1558297.9073446635,74865.80208267317,1393378.051842712,66920.1946484018,0
62200,289.0,1509737.7840578542,84092.46134107793,1346550.5095937408,74929.08622247326,0
62300,271.0,1107619.3382148924,70294.43203812643,996647.2425276636,62610.288685098574,0
62400,209.0,1140342.903577164,57445.346651068816,1027055.3163522652,51354.50581489678,0
62500,,0.0,0.0,0.0,0.0,0
62600,301.0,1492354.5230465028,70900.35544386707,1379179.9143970937,64113.15270640377,0
62700,253.0,1001337.719031371,59451.77278557856,910350.090080171,53206.82323071271,0
62800,227.0,598016.2483193969,48351.44351946616,532268.9999703596,42960.14868299863,0
62900,340.0,1154475.2694898047,78104.26368741253,1046243.7054801822,70276.39985571739,0
63000,237.0,2088810.6785943725,83173.03867489652,1893894.1216753924,75226.25552588944,0
63100,164.0,2314132.121944487,81097.65896550899,2079534.897793219,72637.70679954211,0
63200,20.0,228667.8194341511,8889.006483927462,206107.91479109152,8022.148888297167,0
63302,125.0,2430000.9981015697,74509.42867343278,2174603.809585953,66529.13864769394,0
63303,25.0,614411.8800824974,16782.064266078796,552709.7056891172,15060.483254072158,0
63400,237.0,2714347.361264106,97910.3476242533,2432583.746737673,87775.88849801758,0
640100,600.0,1208476.7529015809,101456.60493748428,1129619.197068218,95278.0510421378,0
640300,1340.0,2024947.5807013733,201651.17000425392,1937894.2366831885,192622.61505909063,0
640400,708.0,2932020.07291187,142809.97007909077,2793673.54893832,136484.79295160618,0
640500,780.0,3486012.4519215403,156902.8220412601,3297129.611316044,148284.7942192454,0
640800,868.0,1281121.764244354,132057.25609677823,1212870.9719104164,124662.0400275115,0
650301,1173.0,1888888.94946784,183724.05632793877,1775978.9263983103,171959.0928155869,0
650500,32.0,2580300.3260318795,34289.02158333424,2433469.4380845795,32177.349579347287,0
700100,91.0,1310996.0590752235,28236.14302128975,1211423.57163213,26235.39287339728,0
700200,699.0,1644824.8566555155,110928.9784811414,1550216.4911487442,104887.91644591073,0
700301,972.0,1796016.589234311,151401.26236921546,1686091.99947505,143048.00164866488,0
700302,1098.0,1968828.9554675815,182964.7741885896,1861367.943791503,173542.7546428903,0
700401,1181.0,1749058.450599291,166104.76835343958,1667991.614400349,158234.62572413485,0
700402,807.0,1038589.4098263958,109530.67334372086,987391.6502064072,103798.5513035055,0
700501,1177.0,1885437.932266526,175375.07835743634,1792290.6397673346,166830.79477806666,0
700502,696.0,1479101.247373337,116623.58842709608,1418037.3699615595,111554.67059267918,0
70101,9.0,209212.13586127208,6955.247927153439,194195.11585772943,6408.1695763219805,0
70102,159.0,2000354.2486953249,71207.81547420245,1792597.232690415,63717.17287673248,0
70103,232.0,2290938.856140105,90905.38947466837,2063489.0735454035,81912.21167071816,0
70200,330.0,2130536.798961047,103079.1669859044,1919166.000121076,92762.66402368962,0
70300,307.0,1212111.873522559,76051.46562609964,1082048.3495326275,68080.50940780625,0
70400,231.0,906958.9117528832,58364.82861904032,810253.44997472,51928.854175507,0
70500,229.0,964453.7663065104,61366.81626930981,859817.7867510376,54307.419025682015,0
70600,246.0,1123105.7710784564,70602.97596787199,1008406.37136956,63001.18063737788,0
70700,156.0,1515137.8854752374,56486.44703769515,1419521.5681647388,51976.38893173162,0
71000,305.0,1598384.1283974703,85641.59723788613,1450604.550551341,77006.09212508566,0
71100,260.0,1258315.873139238,70941.26343566044,1156074.5617128669,64329.79401737893,0
71200,243.0,1673506.96706849,78961.40678362935,1521980.418707318,71513.8967803091,0
71300,254.0,1548612.9628322776,81609.59651354233,1400898.9291330562,73818.03890697616,0
71400,33.0,214929.07090651424,9638.998572815784,198734.8285150024,8913.96702581218,0
71500,17.0,10358.797535354288,1105.438448203885,8937.15225116101,973.2495854404916,0
71600,327.0,1344395.4108860665,90678.3410801515,1227576.6847025694,82181.7913288544,0
71700,325.0,1393937.7701663957,88522.5408738677,1280592.242873673,80875.5386173754,0
71800,300.0,1550601.904324038,92631.05237771892,1426493.7146020394,84645.28184863259,0
720100,419.0,934897.153385237,76566.3513448651,883558.1215894991,72465.7871764793,0
720200,441.0,895962.6618476768,78104.61884499292,841743.038850849,73201.4687018536,0
720300,791.0,1528689.7933997083,139266.6629815625,1453465.4259915168,131940.0228680109,0
720400,872.0,1395763.6209887883,137652.58623786166,1322189.6329141592,130525.10427555218,0
720500,458.0,763428.7474874983,72951.10881249653,729430.9217965519,69486.25960323366,0
720600,725.0,1371363.442935286,124162.27834029644,1309267.9320013863,118169.93712156345,0
720700,485.0,1010099.0493545776,87347.89696180627,944448.8725684877,81476.598972118,0
730400,604.0,1107289.7038603127,99155.05990588423,1053234.602848108,94359.92995492426,0
730500,895.0,1287197.6822653618,133660.43380582746,1236325.805283994,128514.60297358544,0
740100,879.0,1299545.0425787792,131776.79085008168,1243729.4445158043,125680.6826072336,0
740200,897.0,1802948.44676484,150262.63272913275,1699414.0689177222,142235.70739238773,0
740300,1197.0,1616085.590983519,172972.07537356086,1544351.6136657305,165159.51352645326,0
740400,21.0,314559.6578413639,10341.898486341555,301893.38465106324,9901.698591314998,0
750200,401.0,899618.4435871763,74087.77034062622,853356.3547984211,70065.67237746174,0
750300,960.0,1537775.2665305492,149683.55548865057,1453862.3007984608,141182.7258074187,0
750400,675.0,1112256.087778051,105265.55402656853,1056710.7480857682,99688.488492065,0
750500,544.0,882747.028010363,89168.17438664293,838421.9972336246,84455.24293631485,0
760801,32.0,1506959.468433531,28118.80879573976,1381638.0979881054,25953.41205984773,0
760802,4.0,6269.173773370702,588.3182155816099,5861.4934059483785,547.1966383851491,0
770602,260.0,1758344.4111650344,68207.71745417161,1706198.3668562763,65642.39169190037,0
770902,490.0,1292321.9972543195,97211.287803774,1225891.8748929491,91939.66790513643,0
80100,84.0,1075738.8450700548,41261.812686430094,964672.1655817948,37000.24193857911,0
80201,145.0,1705934.3076364775,65234.81503834992,1545049.4942168114,59095.85726541814,0
80202,148.0,2230537.073199965,76682.07747235545,2009410.286070624,69277.59538775617,0
80300,255.0,2655561.118825389,103034.14335660957,2414285.902700015,93461.66218404406,0
81000,79.0,1590019.6661068017,45245.21784532089,1453395.1251383098,41429.19587674576,0
810400,627.0,1216593.9143675514,107069.8868371723,1161366.0517592295,101944.333572921,0
81100,73.0,1209937.9564425857,38296.26643624858,1089997.1714277624,34337.209406606664,0
81201,56.0,1266623.0127392306,35388.18537494751,1134595.1853288857,31579.36708987716,0
81202,36.0,445973.8761261458,17673.01827316259,398990.4627549496,15757.101406113015,0
81300,33.0,984800.0251609518,24525.95501866425,888919.6456502249,22071.3899235742,0
81401,42.0,1384066.869785927,32351.86848379253,1235304.3692156833,28786.90502958236,0
81402,19.0,283043.05384227453,7607.629913010071,250152.9015696236,6757.069211522167,0
81403,40.0,1251059.5771469628,28865.143301232383,1125805.5922890822,25969.671588482688,0
81500,42.0,1215927.4525697697,29479.531629528537,1102322.182825032,26657.735716545267,0
81600,62.0,1444644.5085647225,38842.76277090402,1307718.8113708918,35101.45868131324,0
81700,74.0,1325708.771522219,39608.42040083524,1194854.467145005,35726.230318445174,0
81800,84.0,2019362.2844143447,53863.52718902759,1797958.4744867426,48041.91847165152,0
830800,344.0,1946220.7816748864,99871.13475678027,1787349.9789224428,91942.63046299714,0
830900,128.0,2516177.590546038,54537.3370422558,2353471.220576107,50699.78321176413,0
831000,370.0,1075530.1714846436,79126.77029683256,965263.3102476496,70483.86067220973,0
831100,774.0,2415366.189623935,147487.4322137094,2246338.198187832,136253.66581352317,0
831500,148.0,2768705.199240135,59746.68356188395,2615157.8171542585,56514.98040576633,0
831700,370.0,1562013.5496112574,78226.8917397478,1459185.656463808,72636.26111789829,0
831800,490.0,1817067.0172807763,102969.16840701264,1688598.3980533895,96160.58868179913,0
831900,447.0,1317559.2067052163,101141.43362198044,1194703.7969321876,91186.47127238162,0
832000,213.0,1536428.8999686562,70739.01969343642,1391498.2297043554,63580.08505133542,0
832100,218.0,1805965.4593445049,77444.71297890024,1621782.087872662,69571.02057007277,0
832200,405.0,1110234.5150805078,86114.7321691073,1009572.4005603916,77541.20997180534,0
832300,173.0,1519129.202231437,54932.83668465016,1417820.4670926451,50217.31855641209,0
